"Label (Grouping)","Total:","Total:!!Male:","Total:!!Male:!!Under 5 years","Total:!!Male:!!5 to 9 years","Total:!!Male:!!10 to 14 years","Total:!!Male:!!15 to 17 years","Total:!!Male:!!18 and 19 years","Total:!!Male:!!20 years","Total:!!Male:!!21 years","Total:!!Male:!!22 to 24 years","Total:!!Male:!!25 to 29 years","Total:!!Male:!!30 to 34 years","Total:!!Male:!!35 to 39 years","Total:!!Male:!!40 to 44 years","Total:!!Male:!!45 to 49 years","Total:!!Male:!!50 to 54 years","Total:!!Male:!!55 to 59 years","Total:!!Male:!!60 and 61 years","Total:!!Male:!!62 to 64 years","Total:!!Male:!!65 and 66 years","Total:!!Male:!!67 to 69 years","Total:!!Male:!!70 to 74 years","Total:!!Male:!!75 to 79 years","Total:!!Male:!!80 to 84 years","Total:!!Male:!!85 years and over","Total:!!Female:","Total:!!Female:!!Under 5 years","Total:!!Female:!!5 to 9 years","Total:!!Female:!!10 to 14 years","Total:!!Female:!!15 to 17 years","Total:!!Female:!!18 and 19 years","Total:!!Female:!!20 years","Total:!!Female:!!21 years","Total:!!Female:!!22 to 24 years","Total:!!Female:!!25 to 29 years","Total:!!Female:!!30 to 34 years","Total:!!Female:!!35 to 39 years","Total:!!Female:!!40 to 44 years","Total:!!Female:!!45 to 49 years","Total:!!Female:!!50 to 54 years","Total:!!Female:!!55 to 59 years","Total:!!Female:!!60 and 61 years","Total:!!Female:!!62 to 64 years","Total:!!Female:!!65 and 66 years","Total:!!Female:!!67 to 69 years","Total:!!Female:!!70 to 74 years","Total:!!Female:!!75 to 79 years","Total:!!Female:!!80 to 84 years","Total:!!Female:!!85 years and over"
"ZCTA5 78610","","","","","","","","","","","","","","","","","","","","","","","","","","","","","","","","","","","","","","","","","","","","","","","","",""
"    Estimate","39,498","19,472","1,620","2,014","1,431","823","458","143","235","1,138","1,122","1,245","2,112","1,128","1,062","1,447","1,033","283","714","276","459","296","223","111","99","20,026","1,285","1,924","1,176","663","290","76","319","506","925","2,558","1,510","1,864","1,382","1,160","1,349","583","500","441","371","542","248","244","110"
"    Margin of Error","±1,996","±1,334","±422","±668","±402","±271","±235","±119","±182","±430","±334","±348","±405","±384","±258","±318","±284","±148","±236","±140","±199","±130","±88","±84","±86","±1,236","±291","±473","±294","±204","±163","±66","±221","±232","±274","±492","±338","±556","±345","±236","±278","±245","±215","±222","±120","±186","±129","±152","±88"
"ZCTA5 78612","","","","","","","","","","","","","","","","","","","","","","","","","","","","","","","","","","","","","","","","","","","","","","","","",""
"    Estimate","16,234","8,178","521","931","1,167","619","126","0","114","285","323","376","701","344","457","344","511","168","352","215","253","187","99","44","41","8,056","551","440","1,096","552","266","0","0","337","482","634","626","480","367","445","479","248","231","242","107","246","102","125","0"
"    Margin of Error","±2,025","±977","±255","±291","±331","±182","±123","±22","±144","±194","±179","±164","±284","±187","±183","±158","±203","±120","±183","±181","±149","±108","±83","±53","±49","±1,209","±288","±200","±382","±267","±201","±22","±22","±163","±211","±291","±271","±218","±157","±194","±216","±154","±132","±168","±86","±124","±72","±90","±22"
"ZCTA5 78613","","","","","","","","","","","","","","","","","","","","","","","","","","","","","","","","","","","","","","","","","","","","","","","","",""
"    Estimate","83,876","41,437","2,890","3,515","3,810","2,066","725","210","654","1,105","2,676","3,397","3,470","3,667","3,539","2,461","2,266","713","1,028","503","579","947","557","352","307","42,439","2,381","2,457","3,871","1,981","978","349","247","1,404","2,920","3,496","3,693","3,827","3,271","2,743","2,391","936","779","668","734","1,446","611","546","710"
"    Margin of Error","±1,563","±1,354","±472","±542","±500","±400","±186","±109","±371","±336","±623","±543","±525","±542","±589","±321","±387","±249","±240","±168","±195","±243","±178","±127","±153","±1,334","±497","±375","±582","±436","±256","±153","±153","±477","±461","±526","±434","±582","±454","±454","±354","±328","±215","±208","±209","±261","±186","±220","±273"
"ZCTA5 78615","","","","","","","","","","","","","","","","","","","","","","","","","","","","","","","","","","","","","","","","","","","","","","","","",""
"    Estimate","1,363","697","72","34","128","32","1","0","16","19","50","67","6","50","28","25","55","10","22","9","9","19","8","3","34","666","54","108","64","4","36","0","0","20","47","47","27","27","42","33","13","22","16","8","32","26","21","8","11"
"    Margin of Error","±490","±258","±65","±46","±77","±41","±4","±14","±24","±25","±40","±85","±9","±30","±18","±18","±47","±12","±16","±10","±8","±15","±11","±4","±39","±264","±62","±68","±55","±6","±60","±14","±14","±25","±50","±55","±28","±19","±26","±17","±19","±17","±16","±8","±29","±19","±20","±10","±14"
"ZCTA5 78617","","","","","","","","","","","","","","","","","","","","","","","","","","","","","","","","","","","","","","","","","","","","","","","","",""
"    Estimate","28,376","14,934","853","780","1,081","875","500","644","368","753","1,429","989","1,053","1,604","934","1,052","829","379","236","177","168","165","24","41","0","13,442","1,112","816","1,217","1,042","478","167","146","412","1,004","1,057","1,189","1,043","1,497","567","395","173","432","115","89","291","92","61","47"
"    Margin of Error","±2,213","±1,381","±333","±281","±341","±248","±178","±486","±184","±218","±511","±239","±244","±525","±293","±285","±256","±353","±148","±128","±123","±122","±28","±57","±26","±1,249","±401","±260","±340","±372","±215","±122","±141","±168","±451","±414","±318","±374","±481","±201","±161","±106","±182","±82","±69","±156","±90","±65","±43"
"ZCTA5 78620","","","","","","","","","","","","","","","","","","","","","","","","","","","","","","","","","","","","","","","","","","","","","","","","",""
"    Estimate","18,420","9,805","543","604","713","655","358","307","134","377","240","218","969","519","516","765","1,042","372","222","296","381","345","165","40","24","8,615","462","496","600","370","188","109","58","112","259","335","647","675","543","951","1,023","218","446","162","239","340","187","129","66"
"    Margin of Error","±1,467","±901","±170","±182","±200","±232","±165","±233","±100","±239","±117","±94","±267","±190","±154","±220","±236","±162","±105","±136","±136","±121","±63","±31","±30","±820","±137","±197","±238","±134","±100","±129","±57","±83","±130","±112","±183","±228","±153","±240","±229","±75","±134","±70","±118","±115","±112","±61","±47"
"ZCTA5 78621","","","","","","","","","","","","","","","","","","","","","","","","","","","","","","","","","","","","","","","","","","","","","","","","",""
"    Estimate","24,590","11,942","775","824","1,209","457","180","300","136","412","510","675","1,353","724","672","594","719","323","465","376","193","468","358","131","88","12,648","658","1,014","936","611","151","198","129","193","944","813","931","728","922","702","882","390","626","425","468","470","197","49","211"
"    Margin of Error","±1,743","±947","±266","±224","±380","±114","±119","±204","±109","±219","±219","±308","±367","±277","±199","±194","±232","±158","±187","±227","±83","±166","±169","±80","±84","±1,147","±223","±389","±351","±194","±103","±191","±117","±140","±284","±267","±259","±209","±211","±209","±242","±150","±241","±247","±178","±193","±97","±50","±103"
"ZCTA5 78634","","","","","","","","","","","","","","","","","","","","","","","","","","","","","","","","","","","","","","","","","","","","","","","","",""
"    Estimate","37,298","18,012","1,434","1,453","1,200","619","513","131","61","490","1,245","1,258","1,499","2,698","1,350","1,397","901","281","496","112","75","598","142","0","59","19,286","1,023","1,355","1,524","1,069","231","480","352","572","1,596","1,419","2,242","1,521","1,621","1,436","664","441","487","180","170","450","290","163","0"
"    Margin of Error","±1,427","±960","±354","±351","±295","±222","±277","±119","±55","±282","±508","±383","±269","±752","±303","±350","±272","±153","±190","±73","±55","±298","±75","±30","±72","±1,112","±249","±322","±437","±349","±99","±294","±300","±228","±409","±288","±492","±377","±445","±393","±187","±360","±194","±95","±107","±250","±163","±113","±30"
"ZCTA5 78641","","","","","","","","","","","","","","","","","","","","","","","","","","","","","","","","","","","","","","","","","","","","","","","","",""
"    Estimate","78,568","38,711","3,446","3,115","3,402","1,555","556","491","288","1,265","1,640","3,413","2,778","3,404","3,330","2,370","2,610","687","1,233","591","367","1,173","615","215","167","39,857","2,688","3,178","3,588","1,503","1,026","401","750","695","1,945","3,451","3,584","3,088","2,965","2,124","2,550","954","1,129","671","881","1,336","496","224","630"
"    Margin of Error","±1,938","±1,266","±571","±414","±457","±309","±164","±181","±185","±363","±517","±483","±482","±577","±486","±423","±486","±217","±272","±191","±110","±283","±200","±101","±118","±1,344","±459","±494","±428","±267","±323","±197","±406","±263","±511","±575","±526","±450","±449","±332","±525","±254","±287","±225","±240","±341","±169","±93","±255"
"ZCTA5 78645","","","","","","","","","","","","","","","","","","","","","","","","","","","","","","","","","","","","","","","","","","","","","","","","",""
"    Estimate","11,873","6,072","292","306","335","272","64","64","39","80","249","365","344","300","452","330","508","214","380","148","277","402","167","238","246","5,801","191","105","425","225","5","19","11","45","143","418","196","395","423","555","461","357","427","217","256","451","205","128","143"
"    Margin of Error","±640","±437","±132","±185","±107","±123","±45","±57","±40","±80","±202","±223","±106","±95","±122","±113","±137","±88","±188","±56","±124","±185","±68","±138","±201","±386","±145","±60","±133","±90","±8","±30","±13","±34","±92","±167","±86","±152","±121","±214","±154","±257","±192","±122","±72","±122","±129","±116","±109"
"ZCTA5 78652","","","","","","","","","","","","","","","","","","","","","","","","","","","","","","","","","","","","","","","","","","","","","","","","",""
"    Estimate","5,763","2,775","160","107","147","103","0","24","0","64","130","296","330","133","99","142","346","8","127","75","126","230","93","20","15","2,988","174","184","132","54","0","2","0","83","157","254","262","53","295","332","166","126","149","78","111","75","122","58","121"
"    Margin of Error","±957","±585","±148","±78","±115","±92","±20","±33","±20","±58","±76","±134","±276","±90","±75","±93","±180","±13","±90","±82","±112","±103","±83","±21","±23","±469","±95","±127","±111","±65","±20","±13","±20","±67","±78","±96","±136","±45","±140","±218","±123","±83","±99","±63","±69","±50","±84","±73","±100"
"ZCTA5 78653","","","","","","","","","","","","","","","","","","","","","","","","","","","","","","","","","","","","","","","","","","","","","","","","",""
"    Estimate","29,622","13,930","1,409","1,463","1,152","733","297","112","63","284","604","1,442","1,673","986","1,114","653","649","298","319","210","99","213","109","30","18","15,692","1,836","1,749","1,136","616","115","172","28","380","1,458","1,913","1,062","784","1,102","548","1,047","545","357","232","128","220","131","56","77"
"    Margin of Error","±2,992","±1,497","±392","±553","±290","±465","±153","±103","±61","±226","±235","±464","±882","±258","±421","±200","±262","±135","±154","±119","±73","±116","±59","±26","±21","±1,834","±706","±535","±335","±236","±78","±145","±35","±248","±466","±627","±297","±265","±409","±171","±424","±343","±232","±139","±65","±99","±65","±40","±64"
"ZCTA5 78654","","","","","","","","","","","","","","","","","","","","","","","","","","","","","","","","","","","","","","","","","","","","","","","","",""
"    Estimate","18,524","8,799","372","610","618","569","179","182","150","119","241","283","791","369","490","299","834","330","375","266","333","534","436","311","108","9,725","286","362","818","431","262","123","33","141","269","485","802","524","530","523","754","474","495","222","492","564","471","265","399"
"    Margin of Error","±768","±521","±180","±150","±203","±111","±187","±148","±151","±84","±157","±139","±298","±186","±158","±113","±192","±139","±119","±96","±149","±175","±177","±137","±72","±563","±151","±159","±205","±122","±131","±114","±35","±107","±147","±120","±282","±187","±155","±112","±228","±138","±200","±86","±133","±163","±140","±113","±140"
"ZCTA5 78660","","","","","","","","","","","","","","","","","","","","","","","","","","","","","","","","","","","","","","","","","","","","","","","","",""
"    Estimate","101,937","49,679","3,471","3,347","4,877","3,114","1,128","449","354","1,548","3,970","3,891","4,063","3,829","4,152","3,694","2,769","998","876","649","799","850","497","293","61","52,258","2,811","3,381","5,331","1,998","1,346","484","265","1,276","4,502","4,566","4,293","5,209","4,182","3,225","2,776","1,034","1,324","1,054","886","816","775","347","377"
"    Margin of Error","±4,829","±2,559","±704","±524","±1,271","±794","±316","±188","±156","±509","±775","±677","±799","±505","±918","±960","±566","±361","±290","±240","±270","±303","±228","±142","±70","±2,957","±578","±707","±1,326","±381","±501","±291","±231","±401","±970","±777","±695","±1,397","±668","±563","±629","±290","±321","±323","±323","±281","±282","±151","±250"
"ZCTA5 78663","","","","","","","","","","","","","","","","","","","","","","","","","","","","","","","","","","","","","","","","","","","","","","","","",""
"    Estimate","782","436","0","74","4","5","8","0","6","11","3","0","4","10","57","64","97","13","4","0","2","64","2","8","0","346","3","6","0","17","23","0","0","0","9","11","38","0","18","8","57","16","54","0","18","39","14","0","15"
"    Margin of Error","±277","±194","±14","±93","±7","±6","±15","±14","±13","±16","±5","±14","±7","±17","±71","±63","±74","±21","±5","±14","±3","±59","±3","±15","±14","±115","±5","±10","±14","±26","±33","±14","±14","±14","±15","±12","±54","±14","±18","±12","±51","±15","±53","±14","±25","±43","±20","±14","±23"
"ZCTA5 78664","","","","","","","","","","","","","","","","","","","","","","","","","","","","","","","","","","","","","","","","","","","","","","","","",""
"    Estimate","63,661","31,255","1,482","1,522","2,199","1,699","1,334","484","480","1,585","3,429","2,226","3,040","2,326","1,879","2,113","1,797","621","742","266","505","653","491","275","107","32,406","2,014","2,362","2,023","1,831","468","468","233","1,190","2,285","2,976","2,164","3,000","2,640","2,406","1,887","600","1,109","473","705","665","316","122","469"
"    Margin of Error","±2,226","±1,505","±374","±389","±371","±399","±304","±313","±185","±388","±630","±526","±751","±419","±363","±422","±439","±192","±318","±126","±167","±257","±209","±186","±79","±1,506","±338","±432","±428","±353","±205","±245","±145","±322","±471","±505","±431","±604","±495","±411","±551","±395","±421","±202","±203","±205","±207","±55","±206"
"ZCTA5 78669","","","","","","","","","","","","","","","","","","","","","","","","","","","","","","","","","","","","","","","","","","","","","","","","",""
"    Estimate","14,038","6,612","220","406","396","214","172","2","0","87","137","410","525","512","543","637","622","103","325","216","355","416","170","104","40","7,426","929","396","530","235","29","3","35","118","261","510","465","474","347","699","523","336","412","170","341","290","182","78","63"
"    Margin of Error","±1,161","±634","±123","±168","±182","±109","±110","±3","±22","±65","±120","±170","±164","±190","±182","±158","±243","±62","±132","±85","±125","±147","±102","±82","±44","±681","±315","±150","±239","±100","±33","±4","±39","±98","±156","±166","±149","±134","±114","±316","±187","±134","±143","±76","±135","±121","±109","±42","±45"
"ZCTA5 78701","","","","","","","","","","","","","","","","","","","","","","","","","","","","","","","","","","","","","","","","","","","","","","","","",""
"    Estimate","11,903","6,971","62","0","28","8","22","74","31","541","905","1,205","796","665","419","425","446","457","148","198","183","142","145","66","5","4,932","92","32","29","0","75","95","32","210","896","848","303","457","557","176","378","184","42","94","99","222","98","13","0"
"    Margin of Error","±1,428","±947","±91","±22","±36","±17","±26","±56","±36","±234","±352","±396","±371","±470","±211","±465","±240","±284","±104","±148","±106","±101","±84","±56","±7","±749","±104","±32","±26","±22","±93","±91","±45","±115","±328","±314","±213","±297","±441","±96","±230","±124","±39","±70","±81","±134","±54","±26","±22"
"ZCTA5 78702","","","","","","","","","","","","","","","","","","","","","","","","","","","","","","","","","","","","","","","","","","","","","","","","",""
"    Estimate","25,393","12,861","675","669","530","191","115","49","135","329","2,098","2,070","1,472","1,147","650","658","639","189","285","204","263","168","92","126","107","12,532","832","727","277","461","210","274","82","488","1,829","1,765","769","813","618","850","478","138","320","115","528","347","98","176","337"
"    Margin of Error","±1,893","±1,150","±265","±175","±259","±86","±120","±57","±80","±146","±394","±537","±244","±431","±169","±194","±277","±107","±124","±103","±123","±75","±81","±84","±65","±1,180","±305","±212","±137","±245","±176","±136","±52","±210","±370","±305","±179","±286","±198","±396","±176","±99","±200","±70","±280","±174","±76","±116","±131"
"ZCTA5 78703","","","","","","","","","","","","","","","","","","","","","","","","","","","","","","","","","","","","","","","","","","","","","","","","",""
"    Estimate","20,297","10,516","524","353","785","204","259","1","0","298","1,210","1,131","745","1,019","731","369","711","147","626","184","388","445","198","125","63","9,781","627","523","357","271","70","13","20","217","859","1,101","790","903","841","501","814","292","390","114","291","420","175","110","82"
"    Margin of Error","±1,607","±886","±127","±120","±173","±82","±205","±4","±26","±159","±367","±281","±183","±435","±180","±109","±226","±91","±289","±97","±150","±156","±90","±87","±46","±926","±189","±138","±137","±193","±56","±14","±22","±115","±216","±397","±174","±220","±287","±148","±308","±102","±153","±58","±140","±150","±68","±80","±65"
"ZCTA5 78704","","","","","","","","","","","","","","","","","","","","","","","","","","","","","","","","","","","","","","","","","","","","","","","","",""
"    Estimate","51,422","26,367","1,354","854","840","601","686","276","131","1,265","5,133","3,453","2,431","2,138","1,850","1,281","1,175","278","458","352","605","493","484","124","105","25,055","986","797","606","370","718","365","302","2,142","4,026","3,036","2,991","1,621","1,477","1,217","1,344","436","463","353","617","407","334","175","272"
"    Margin of Error","±2,514","±1,464","±343","±346","±256","±211","±215","±163","±78","±368","±702","±417","±567","±487","±343","±278","±253","±117","±129","±158","±174","±154","±196","±63","±70","±1,622","±312","±364","±208","±183","±237","±148","±187","±609","±595","±385","±588","±358","±348","±317","±360","±214","±155","±119","±155","±148","±110","±85","±99"
"ZCTA5 78705","","","","","","","","","","","","","","","","","","","","","","","","","","","","","","","","","","","","","","","","","","","","","","","","",""
"    Estimate","33,262","15,768","81","130","80","82","4,356","2,635","2,453","2,223","1,605","686","297","216","149","121","194","87","72","11","63","108","79","17","23","17,494","88","45","72","197","6,067","2,673","2,624","2,192","1,505","738","409","256","108","128","95","56","50","32","23","41","59","9","27"
"    Margin of Error","±1,906","±1,149","±65","±70","±60","±120","±536","±459","±465","±468","±348","±199","±111","±148","±76","±74","±100","±69","±66","±19","±51","±83","±62","±21","±33","±1,375","±79","±40","±46","±80","±728","±404","±477","±381","±434","±268","±193","±152","±54","±121","±45","±49","±48","±33","±27","±45","±50","±13","±36"
"ZCTA5 78712","","","","","","","","","","","","","","","","","","","","","","","","","","","","","","","","","","","","","","","","","","","","","","","","",""
"    Estimate","887","368","0","0","0","0","169","86","49","46","9","9","0","0","0","0","0","0","0","0","0","0","0","0","0","519","0","0","0","19","336","109","37","10","8","0","0","0","0","0","0","0","0","0","0","0","0","0","0"
"    Margin of Error","±331","±190","±14","±14","±14","±14","±95","±92","±28","±58","±19","±18","±14","±14","±14","±14","±14","±14","±14","±14","±14","±14","±14","±14","±14","±268","±14","±14","±14","±26","±162","±114","±48","±19","±18","±14","±14","±14","±14","±14","±14","±14","±14","±14","±14","±14","±14","±14","±14"
"ZCTA5 78719","","","","","","","","","","","","","","","","","","","","","","","","","","","","","","","","","","","","","","","","","","","","","","","","",""
"    Estimate","1,803","963","27","56","13","33","18","6","40","21","130","97","69","54","73","44","87","31","11","19","57","40","3","30","4","840","67","61","72","45","33","0","0","18","71","41","9","72","44","49","108","10","29","3","40","25","0","16","27"
"    Margin of Error","±409","±246","±27","±46","±21","±31","±19","±11","±49","±18","±62","±82","±53","±43","±48","±51","±46","±22","±11","±31","±28","±33","±7","±47","±7","±208","±112","±55","±47","±34","±34","±14","±14","±24","±41","±32","±14","±39","±44","±65","±53","±16","±19","±11","±43","±21","±14","±20","±26"
"ZCTA5 78721","","","","","","","","","","","","","","","","","","","","","","","","","","","","","","","","","","","","","","","","","","","","","","","","",""
"    Estimate","11,054","5,616","333","148","406","185","173","58","157","274","617","629","529","541","442","313","210","121","95","43","96","30","96","54","66","5,438","189","289","249","215","79","43","101","141","529","675","510","605","260","304","346","123","28","24","140","150","225","88","125"
"    Margin of Error","±961","±573","±196","±92","±161","±93","±108","±54","±81","±151","±190","±155","±172","±135","±140","±119","±99","±78","±63","±58","±76","±32","±53","±55","±58","±586","±88","±184","±141","±108","±56","±43","±57","±79","±180","±229","±155","±192","±121","±119","±124","±87","±30","±26","±82","±84","±93","±62","±70"
"ZCTA5 78722","","","","","","","","","","","","","","","","","","","","","","","","","","","","","","","","","","","","","","","","","","","","","","","","",""
"    Estimate","6,713","3,250","104","120","80","9","58","11","15","94","512","451","305","331","276","126","161","135","139","53","178","49","10","5","28","3,463","235","157","56","9","11","30","56","112","689","407","311","285","212","59","179","117","118","48","83","78","70","49","92"
"    Margin of Error","±589","±340","±50","±42","±47","±11","±41","±14","±23","±61","±215","±172","±101","±162","±106","±77","±83","±129","±78","±39","±98","±27","±16","±12","±20","±417","±106","±68","±43","±11","±14","±28","±48","±67","±182","±109","±115","±108","±80","±42","±85","±106","±80","±34","±57","±42","±53","±46","±54"
"ZCTA5 78723","","","","","","","","","","","","","","","","","","","","","","","","","","","","","","","","","","","","","","","","","","","","","","","","",""
"    Estimate","37,552","19,263","1,376","1,658","800","390","469","128","96","540","2,162","2,245","2,101","1,673","1,372","1,137","998","410","289","262","296","476","131","94","160","18,289","1,581","1,125","909","515","142","82","56","561","2,008","1,722","2,331","1,225","994","752","968","414","439","303","447","819","341","238","317"
"    Margin of Error","±2,022","±1,402","±322","±569","±188","±156","±193","±71","±64","±164","±407","±424","±389","±305","±348","±350","±199","±133","±90","±139","±137","±220","±54","±63","±88","±996","±300","±271","±206","±236","±100","±66","±47","±201","±436","±249","±385","±268","±250","±242","±211","±137","±176","±133","±262","±308","±132","±97","±123"
"ZCTA5 78724","","","","","","","","","","","","","","","","","","","","","","","","","","","","","","","","","","","","","","","","","","","","","","","","",""
"    Estimate","25,328","13,441","1,624","1,452","1,239","938","329","182","75","706","850","1,388","1,103","939","708","726","369","70","216","112","225","95","58","34","3","11,887","1,096","847","1,368","484","265","338","264","423","873","1,046","1,229","1,016","623","583","508","73","167","69","225","109","176","54","51"
"    Margin of Error","±2,304","±1,560","±686","±498","±318","±224","±150","±101","±52","±188","±262","±385","±384","±259","±240","±360","±154","±54","±180","±77","±101","±83","±51","±34","±7","±1,082","±304","±316","±324","±269","±108","±202","±148","±149","±306","±276","±325","±394","±226","±255","±167","±57","±104","±58","±140","±94","±137","±58","±39"
"ZCTA5 78725","","","","","","","","","","","","","","","","","","","","","","","","","","","","","","","","","","","","","","","","","","","","","","","","",""
"    Estimate","8,303","3,971","241","284","210","172","116","17","24","0","330","441","691","300","81","346","279","71","114","22","62","103","67","0","0","4,332","271","195","341","143","0","0","62","76","217","391","477","426","112","179","189","138","482","277","59","119","87","75","16"
"    Margin of Error","±952","±527","±120","±169","±123","±114","±109","±31","±38","±20","±180","±189","±287","±131","±60","±185","±162","±80","±92","±36","±46","±79","±66","±20","±20","±765","±215","±149","±184","±116","±20","±20","±73","±61","±134","±191","±186","±212","±98","±114","±121","±126","±374","±311","±41","±88","±82","±60","±26"
"ZCTA5 78726","","","","","","","","","","","","","","","","","","","","","","","","","","","","","","","","","","","","","","","","","","","","","","","","",""
"    Estimate","13,304","7,020","531","447","405","222","207","95","76","305","1,071","690","188","485","674","658","380","98","112","12","41","209","77","37","0","6,284","197","401","540","489","150","9","77","164","826","289","395","643","384","560","258","43","249","25","165","158","45","166","51"
"    Margin of Error","±1,474","±1,000","±477","±203","±190","±186","±128","±80","±86","±169","±370","±368","±146","±227","±317","±300","±238","±97","±104","±22","±62","±141","±92","±41","±22","±773","±168","±254","±275","±236","±137","±18","±103","±134","±501","±217","±282","±253","±197","±246","±144","±69","±267","±40","±150","±101","±66","±234","±82"
"ZCTA5 78727","","","","","","","","","","","","","","","","","","","","","","","","","","","","","","","","","","","","","","","","","","","","","","","","",""
"    Estimate","31,856","16,524","1,194","942","595","390","195","52","132","592","2,328","2,211","1,337","1,300","913","1,246","798","408","583","233","322","318","189","109","137","15,332","1,111","836","400","232","158","64","36","353","2,083","1,548","1,456","1,267","1,078","839","1,243","474","554","315","295","408","190","178","214"
"    Margin of Error","±1,925","±1,216","±349","±361","±147","±159","±107","±48","±80","±171","±494","±408","±292","±264","±220","±315","±187","±219","±170","±150","±110","±101","±104","±77","±89","±1,079","±299","±193","±153","±123","±95","±56","±45","±216","±411","±305","±245","±498","±266","±240","±262","±334","±174","±165","±121","±154","±86","±100","±88"
"ZCTA5 78728","","","","","","","","","","","","","","","","","","","","","","","","","","","","","","","","","","","","","","","","","","","","","","","","",""
"    Estimate","21,857","10,870","978","528","459","288","138","70","48","340","1,609","1,053","1,621","910","824","613","478","179","195","60","143","164","77","46","49","10,987","772","609","684","323","150","185","83","356","1,111","1,148","1,281","984","646","828","411","227","238","268","76","281","85","64","177"
"    Margin of Error","±2,116","±910","±231","±196","±211","±149","±78","±66","±50","±141","±409","±277","±457","±286","±326","±233","±159","±123","±87","±42","±52","±87","±71","±46","±39","±1,506","±285","±219","±378","±321","±126","±256","±84","±144","±351","±351","±312","±651","±290","±294","±144","±114","±103","±183","±54","±155","±69","±39","±69"
"ZCTA5 78729","","","","","","","","","","","","","","","","","","","","","","","","","","","","","","","","","","","","","","","","","","","","","","","","",""
"    Estimate","27,707","14,953","1,010","774","506","358","431","86","86","670","2,292","1,843","1,680","959","1,235","936","758","131","184","256","220","181","171","176","10","12,754","894","550","602","301","348","40","144","487","964","1,305","1,100","1,198","1,215","800","799","324","255","175","251","461","81","203","257"
"    Margin of Error","±1,691","±1,169","±320","±224","±167","±137","±326","±68","±94","±256","±542","±417","±396","±297","±248","±260","±291","±75","±78","±102","±115","±84","±79","±173","±16","±944","±249","±315","±187","±155","±177","±46","±103","±185","±319","±334","±347","±395","±291","±278","±269","±129","±108","±84","±121","±195","±51","±100","±168"
"ZCTA5 78730","","","","","","","","","","","","","","","","","","","","","","","","","","","","","","","","","","","","","","","","","","","","","","","","",""
"    Estimate","10,527","5,553","187","515","483","107","86","58","0","0","198","390","416","467","850","343","347","119","163","328","234","119","92","51","0","4,974","406","249","397","244","64","13","0","79","263","474","300","328","529","423","292","96","160","157","96","308","47","33","16"
"    Margin of Error","±1,430","±763","±110","±244","±225","±66","±60","±68","±22","±22","±108","±215","±254","±196","±343","±174","±133","±95","±117","±183","±132","±81","±79","±64","±22","±902","±509","±113","±211","±119","±61","±21","±22","±71","±142","±277","±146","±139","±233","±200","±121","±70","±97","±91","±93","±154","±59","±39","±25"
"ZCTA5 78731","","","","","","","","","","","","","","","","","","","","","","","","","","","","","","","","","","","","","","","","","","","","","","","","",""
"    Estimate","27,664","13,976","690","763","798","273","168","0","146","666","1,968","1,357","791","870","874","612","757","407","658","257","423","491","285","211","511","13,688","617","805","478","446","99","49","78","641","1,032","1,140","881","903","822","729","1,097","571","577","286","292","645","383","208","909"
"    Margin of Error","±1,629","±1,043","±154","±254","±180","±84","±90","±26","±118","±240","±602","±397","±317","±197","±328","±167","±178","±163","±157","±210","±140","±107","±94","±81","±259","±916","±151","±200","±126","±116","±55","±37","±72","±350","±281","±234","±250","±190","±190","±191","±198","±285","±262","±99","±69","±143","±173","±82","±327"
"ZCTA5 78732","","","","","","","","","","","","","","","","","","","","","","","","","","","","","","","","","","","","","","","","","","","","","","","","",""
"    Estimate","18,535","8,904","511","568","1,081","899","57","75","72","36","64","526","666","805","1,143","744","591","193","115","75","220","81","191","69","122","9,631","737","529","1,120","678","74","270","0","889","121","383","535","748","1,253","1,165","165","170","190","31","120","172","95","80","106"
"    Margin of Error","±2,571","±1,224","±218","±261","±366","±450","±53","±75","±55","±46","±68","±341","±269","±199","±482","±252","±226","±130","±92","±65","±134","±72","±102","±106","±113","±1,656","±299","±235","±395","±212","±66","±409","±22","±1,080","±107","±198","±217","±209","±496","±328","±112","±121","±122","±49","±85","±121","±67","±59","±106"
"ZCTA5 78733","","","","","","","","","","","","","","","","","","","","","","","","","","","","","","","","","","","","","","","","","","","","","","","","",""
"    Estimate","8,711","4,481","373","422","535","347","107","8","0","45","75","86","216","255","588","297","363","67","92","88","143","209","134","31","0","4,230","85","434","464","215","51","22","0","12","100","42","230","628","387","318","356","125","132","120","142","282","19","0","66"
"    Margin of Error","±997","±479","±171","±170","±155","±122","±65","±13","±20","±40","±65","±55","±143","±78","±172","±122","±127","±46","±57","±49","±65","±117","±108","±35","±20","±625","±57","±182","±231","±75","±39","±31","±20","±16","±74","±39","±93","±210","±122","±92","±151","±66","±67","±61","±68","±161","±19","±20","±57"
"ZCTA5 78734","","","","","","","","","","","","","","","","","","","","","","","","","","","","","","","","","","","","","","","","","","","","","","","","",""
"    Estimate","19,711","9,868","340","595","950","273","188","50","0","152","372","468","534","588","789","866","1,058","249","553","158","394","648","332","132","179","9,843","387","762","459","506","51","24","69","93","399","377","602","845","862","893","736","392","468","241","518","591","251","179","138"
"    Margin of Error","±1,183","±735","±171","±177","±218","±106","±141","±46","±22","±87","±217","±262","±171","±170","±217","±209","±318","±89","±140","±68","±170","±165","±105","±61","±104","±703","±214","±197","±144","±192","±51","±19","±97","±52","±210","±135","±249","±237","±228","±184","±205","±179","±141","±93","±129","±170","±84","±105","±68"
"ZCTA5 78735","","","","","","","","","","","","","","","","","","","","","","","","","","","","","","","","","","","","","","","","","","","","","","","","",""
"    Estimate","18,211","8,614","547","805","472","383","104","81","19","303","778","734","640","504","668","561","476","91","257","219","253","372","186","59","102","9,597","666","743","368","244","178","4","19","261","676","1,033","905","488","662","522","455","192","558","164","346","380","173","294","266"
"    Margin of Error","±1,408","±829","±229","±286","±187","±170","±70","±55","±24","±234","±260","±267","±208","±187","±200","±164","±150","±52","±90","±163","±133","±151","±95","±46","±47","±751","±239","±289","±148","±125","±119","±6","±21","±113","±187","±255","±267","±166","±217","±194","±158","±94","±203","±100","±161","±108","±107","±111","±115"
"ZCTA5 78736","","","","","","","","","","","","","","","","","","","","","","","","","","","","","","","","","","","","","","","","","","","","","","","","",""
"    Estimate","10,010","4,925","212","257","444","90","77","0","121","75","385","404","243","454","232","703","368","183","169","41","140","143","42","54","88","5,085","196","182","325","125","185","0","234","200","450","181","287","450","223","527","328","243","183","141","141","216","81","108","79"
"    Margin of Error","±1,265","±706","±114","±132","±248","±57","±102","±22","±123","±64","±230","±192","±164","±141","±125","±345","±167","±93","±85","±39","±66","±94","±40","±49","±77","±768","±140","±81","±157","±71","±181","±22","±285","±120","±308","±100","±130","±130","±104","±284","±163","±113","±109","±93","±61","±134","±59","±71","±55"
"ZCTA5 78737","","","","","","","","","","","","","","","","","","","","","","","","","","","","","","","","","","","","","","","","","","","","","","","","",""
"    Estimate","20,609","10,689","698","1,244","1,144","418","332","162","22","72","224","432","866","1,153","1,224","658","469","182","213","109","248","336","281","50","152","9,920","602","1,534","822","654","2","32","51","125","110","361","1,035","929","769","532","512","169","379","148","241","419","219","78","197"
"    Margin of Error","±1,969","±1,149","±202","±543","±254","±146","±224","±159","±21","±54","±145","±155","±413","±290","±268","±183","±157","±109","±91","±60","±74","±125","±125","±43","±105","±1,002","±261","±598","±198","±250","±3","±24","±76","±119","±80","±154","±332","±173","±185","±135","±180","±72","±189","±61","±93","±143","±77","±53","±118"
"ZCTA5 78738","","","","","","","","","","","","","","","","","","","","","","","","","","","","","","","","","","","","","","","","","","","","","","","","",""
"    Estimate","15,090","7,592","326","526","799","369","76","5","21","100","213","507","628","646","469","534","509","160","351","138","463","402","140","106","104","7,498","236","389","567","330","81","50","9","113","279","551","598","493","555","701","513","224","367","179","447","346","217","123","130"
"    Margin of Error","±740","±466","±90","±162","±248","±119","±43","±9","±25","±62","±109","±415","±221","±155","±128","±110","±160","±77","±154","±56","±262","±123","±53","±59","±91","±514","±119","±125","±148","±113","±65","±56","±14","±77","±145","±189","±185","±134","±147","±205","±155","±113","±220","±78","±227","±97","±110","±60","±64"
"ZCTA5 78739","","","","","","","","","","","","","","","","","","","","","","","","","","","","","","","","","","","","","","","","","","","","","","","","",""
"    Estimate","20,631","10,702","959","1,222","845","483","107","118","58","143","205","573","747","1,293","961","918","451","247","334","103","260","412","139","72","52","9,929","648","1,036","705","459","39","11","22","52","381","630","970","1,068","912","807","601","196","406","79","207","221","116","130","233"
"    Margin of Error","±1,440","±858","±379","±290","±201","±151","±71","±57","±69","±102","±108","±217","±190","±310","±227","±212","±140","±117","±148","±65","±127","±167","±65","±44","±57","±829","±208","±218","±290","±166","±55","±19","±25","±46","±151","±182","±290","±232","±283","±204","±169","±85","±232","±59","±89","±88","±60","±58","±96"
"ZCTA5 78741","","","","","","","","","","","","","","","","","","","","","","","","","","","","","","","","","","","","","","","","","","","","","","","","",""
"    Estimate","47,529","25,906","907","1,004","911","526","685","704","561","2,669","5,458","3,850","2,384","1,339","1,270","906","922","240","577","189","323","271","75","65","70","21,623","1,644","1,124","902","498","454","605","863","1,915","3,755","2,616","1,524","1,133","1,179","707","862","241","414","182","244","243","197","97","224"
"    Margin of Error","±2,277","±1,890","±256","±280","±307","±268","±248","±359","±265","±415","±685","±827","±410","±422","±336","±294","±312","±101","±287","±105","±176","±117","±52","±49","±49","±1,368","±434","±313","±262","±172","±190","±289","±275","±396","±558","±401","±308","±424","±358","±208","±285","±104","±223","±95","±165","±153","±76","±63","±164"
"ZCTA5 78742","","","","","","","","","","","","","","","","","","","","","","","","","","","","","","","","","","","","","","","","","","","","","","","","",""
"    Estimate","888","340","15","19","19","14","13","0","0","16","6","37","0","27","27","4","57","17","14","0","27","10","6","12","0","548","53","55","32","67","3","0","0","31","90","5","19","21","45","21","4","5","22","6","8","0","18","15","28"
"    Margin of Error","±371","±116","±20","±22","±15","±12","±21","±14","±14","±22","±8","±50","±14","±31","±29","±7","±66","±28","±23","±14","±15","±16","±11","±14","±14","±271","±53","±63","±35","±78","±5","±14","±14","±32","±81","±7","±30","±27","±62","±17","±6","±10","±20","±12","±13","±14","±14","±18","±33"
"ZCTA5 78744","","","","","","","","","","","","","","","","","","","","","","","","","","","","","","","","","","","","","","","","","","","","","","","","",""
"    Estimate","48,551","23,881","1,576","1,764","2,047","800","746","348","228","1,095","2,292","2,427","2,410","1,781","1,456","1,647","1,006","424","515","359","243","204","224","252","37","24,670","1,839","1,904","1,910","1,400","570","354","284","958","2,573","2,484","2,086","1,891","1,539","1,365","1,021","131","587","212","316","350","593","172","131"
"    Margin of Error","±2,941","±1,588","±335","±415","±695","±216","±241","±143","±123","±293","±492","±524","±665","±363","±399","±399","±319","±158","±159","±206","±137","±89","±104","±104","±43","±1,865","±429","±679","±496","±433","±220","±152","±123","±197","±426","±419","±507","±429","±358","±302","±275","±79","±164","±112","±124","±116","±400","±88","±95"
"ZCTA5 78745","","","","","","","","","","","","","","","","","","","","","","","","","","","","","","","","","","","","","","","","","","","","","","","","",""
"    Estimate","63,287","31,999","1,750","1,399","1,463","347","236","225","88","1,297","4,159","3,309","3,598","2,435","2,380","1,311","2,361","1,026","1,042","730","609","1,066","530","335","303","31,288","2,147","1,217","1,249","479","407","125","458","1,526","3,969","3,321","2,535","2,458","1,760","1,540","2,089","574","940","691","851","1,600","603","318","431"
"    Margin of Error","±3,118","±1,787","±507","±260","±357","±136","±130","±104","±57","±488","±657","±444","±561","±682","±436","±339","±516","±275","±323","±288","±170","±281","±168","±84","±106","±1,909","±582","±341","±313","±200","±159","±71","±199","±369","±636","±516","±363","±446","±354","±262","±515","±155","±192","±314","±202","±431","±186","±123","±138"
"ZCTA5 78746","","","","","","","","","","","","","","","","","","","","","","","","","","","","","","","","","","","","","","","","","","","","","","","","",""
"    Estimate","27,671","13,352","544","930","1,167","740","279","70","117","269","679","602","783","931","1,377","896","1,001","273","618","257","434","607","397","256","125","14,319","569","816","1,222","917","388","97","38","319","844","656","804","1,114","1,402","1,011","1,076","419","496","378","414","533","376","192","238"
"    Margin of Error","±1,028","±634","±113","±165","±220","±176","±133","±59","±90","±98","±187","±149","±169","±176","±192","±159","±200","±102","±134","±78","±94","±129","±107","±106","±65","±618","±152","±135","±218","±224","±168","±67","±36","±107","±190","±192","±158","±160","±228","±207","±223","±137","±128","±104","±99","±136","±114","±79","±75"
"ZCTA5 78747","","","","","","","","","","","","","","","","","","","","","","","","","","","","","","","","","","","","","","","","","","","","","","","","",""
"    Estimate","20,137","10,218","515","634","696","467","125","203","102","481","931","980","803","804","1,039","327","619","196","343","70","330","249","146","38","120","9,919","661","924","493","400","210","35","33","287","771","889","686","750","856","418","607","207","359","225","358","334","130","96","190"
"    Margin of Error","±1,142","±799","±185","±216","±190","±200","±81","±178","±69","±231","±347","±241","±261","±248","±423","±151","±270","±111","±154","±51","±158","±105","±78","±35","±77","±731","±241","±272","±174","±182","±127","±46","±34","±138","±313","±218","±214","±242","±369","±191","±226","±104","±182","±136","±167","±136","±65","±63","±83"
"ZCTA5 78748","","","","","","","","","","","","","","","","","","","","","","","","","","","","","","","","","","","","","","","","","","","","","","","","",""
"    Estimate","52,076","25,920","2,420","1,501","1,086","784","275","216","261","912","2,144","3,473","2,700","2,167","1,813","1,221","1,365","806","534","502","528","432","439","175","166","26,156","1,808","1,501","1,161","911","391","148","30","918","3,265","2,539","2,917","1,905","1,788","1,370","1,735","618","596","463","604","790","348","118","232"
"    Margin of Error","±2,931","±2,081","±654","±572","±265","±291","±106","±126","±135","±332","±550","±1,402","±496","±493","±368","±432","±350","±311","±204","±158","±145","±131","±188","±110","±180","±1,731","±603","±316","±365","±254","±203","±94","±37","±315","±663","±728","±569","±369","±424","±347","±427","±205","±170","±124","±187","±200","±140","±56","±130"
"ZCTA5 78749","","","","","","","","","","","","","","","","","","","","","","","","","","","","","","","","","","","","","","","","","","","","","","","","",""
"    Estimate","38,503","18,347","951","1,205","1,124","628","353","132","139","455","852","2,070","1,561","1,644","1,320","1,707","933","437","757","314","809","459","315","145","37","20,156","936","1,113","1,539","444","173","167","67","528","1,450","1,480","1,518","1,494","1,432","1,789","1,594","445","1,224","513","801","715","277","152","305"
"    Margin of Error","±2,252","±1,259","±329","±234","±311","±251","±157","±94","±100","±272","±218","±591","±404","±308","±337","±467","±225","±267","±187","±137","±331","±167","±153","±98","±38","±1,320","±262","±288","±519","±207","±115","±112","±79","±172","±404","±326","±384","±339","±436","±456","±461","±196","±475","±184","±292","±256","±111","±70","±151"
"ZCTA5 78750","","","","","","","","","","","","","","","","","","","","","","","","","","","","","","","","","","","","","","","","","","","","","","","","",""
"    Estimate","33,860","16,817","731","1,253","1,513","703","209","117","27","446","1,361","1,634","1,526","1,556","1,180","730","1,102","254","400","365","408","610","362","114","216","17,043","1,166","992","1,166","522","170","69","182","424","1,050","1,436","1,322","1,435","1,220","1,302","1,088","382","565","399","677","573","414","247","242"
"    Margin of Error","±2,270","±1,301","±213","±334","±671","±215","±116","±94","±33","±178","±427","±336","±613","±368","±295","±154","±273","±105","±130","±130","±151","±184","±114","±52","±118","±1,346","±412","±349","±385","±186","±94","±66","±108","±166","±337","±322","±351","±359","±253","±284","±407","±175","±120","±135","±170","±132","±143","±129","±91"
"ZCTA5 78751","","","","","","","","","","","","","","","","","","","","","","","","","","","","","","","","","","","","","","","","","","","","","","","","",""
"    Estimate","16,138","8,649","151","103","199","104","71","27","271","906","2,498","1,234","852","536","462","276","232","53","143","97","165","149","35","9","76","7,489","232","50","123","84","107","174","226","833","2,214","1,116","575","306","319","328","267","79","125","22","55","139","68","0","47"
"    Margin of Error","±1,355","±880","±79","±65","±98","±79","±60","±26","±134","±339","±589","±248","±381","±154","±154","±99","±128","±46","±79","±58","±80","±79","±41","±14","±51","±764","±99","±49","±71","±63","±72","±89","±121","±281","±408","±369","±137","±106","±134","±151","±95","±52","±78","±25","±38","±103","±50","±22","±38"
"ZCTA5 78752","","","","","","","","","","","","","","","","","","","","","","","","","","","","","","","","","","","","","","","","","","","","","","","","",""
"    Estimate","20,779","11,785","1,107","454","594","459","193","32","346","471","1,885","1,261","1,090","763","561","556","935","109","192","104","192","228","118","82","53","8,994","451","276","337","279","219","19","413","568","1,244","1,148","690","668","576","431","431","43","121","125","174","215","260","230","76"
"    Margin of Error","±1,980","±1,261","±630","±202","±220","±154","±135","±42","±398","±227","±551","±293","±354","±234","±282","±245","±508","±78","±147","±72","±111","±96","±79","±90","±40","±1,182","±211","±129","±234","±124","±104","±22","±286","±211","±364","±327","±278","±234","±240","±353","±132","±45","±87","±97","±132","±169","±164","±152","±51"
"ZCTA5 78753","","","","","","","","","","","","","","","","","","","","","","","","","","","","","","","","","","","","","","","","","","","","","","","","",""
"    Estimate","60,035","31,835","2,556","2,254","2,087","976","806","441","416","1,094","3,634","4,380","2,649","3,119","1,645","1,483","1,688","289","658","175","339","652","271","35","188","28,200","1,905","2,090","2,353","883","512","243","307","1,015","2,702","3,158","2,362","1,964","1,595","1,623","1,428","453","971","587","537","568","463","210","271"
"    Margin of Error","±3,164","±1,977","±462","±508","±548","±292","±244","±230","±181","±289","±742","±697","±516","±735","±371","±385","±383","±125","±265","±121","±202","±216","±139","±25","±77","±1,717","±433","±440","±536","±335","±222","±155","±191","±246","±485","±727","±440","±465","±426","±339","±343","±219","±442","±252","±186","±180","±209","±88","±103"
"ZCTA5 78754","","","","","","","","","","","","","","","","","","","","","","","","","","","","","","","","","","","","","","","","","","","","","","","","",""
"    Estimate","26,508","13,237","1,277","1,246","1,004","180","177","94","92","560","1,038","1,376","1,727","1,117","595","656","419","242","302","67","528","177","78","188","97","13,271","1,201","816","514","683","200","141","58","715","1,465","1,423","1,061","1,186","651","735","510","275","342","332","165","253","282","29","234"
"    Margin of Error","±2,497","±1,594","±417","±364","±418","±76","±112","±84","±85","±310","±295","±409","±553","±358","±241","±209","±149","±151","±126","±53","±507","±105","±57","±135","±74","±1,329","±408","±293","±238","±297","±98","±128","±70","±301","±461","±280","±315","±396","±236","±223","±217","±136","±151","±273","±95","±150","±188","±46","±303"
"ZCTA5 78756","","","","","","","","","","","","","","","","","","","","","","","","","","","","","","","","","","","","","","","","","","","","","","","","",""
"    Estimate","9,450","4,558","188","68","155","54","247","72","28","134","546","814","618","374","319","174","165","70","113","140","30","151","62","9","27","4,892","92","259","179","85","170","42","45","176","863","698","420","236","279","255","246","212","91","57","67","79","127","29","185"
"    Margin of Error","±1,124","±736","±69","±40","±70","±31","±111","±56","±46","±70","±204","±254","±435","±120","±105","±80","±70","±46","±66","±137","±29","±73","±44","±14","±19","±652","±58","±118","±83","±47","±76","±41","±37","±106","±479","±241","±113","±108","±79","±99","±135","±124","±43","±40","±42","±40","±84","±27","±105"
"ZCTA5 78757","","","","","","","","","","","","","","","","","","","","","","","","","","","","","","","","","","","","","","","","","","","","","","","","",""
"    Estimate","26,485","12,514","1,020","580","728","378","67","109","204","203","1,022","1,328","1,471","946","1,232","733","720","228","423","238","309","312","116","75","72","13,971","643","817","1,169","667","141","36","36","266","1,226","1,573","1,253","849","859","856","445","463","623","239","302","351","218","372","567"
"    Margin of Error","±2,406","±1,068","±291","±166","±425","±179","±45","±89","±149","±102","±323","±310","±336","±229","±331","±231","±290","±166","±165","±118","±155","±130","±61","±63","±54","±1,614","±171","±207","±486","±388","±108","±41","±58","±125","±313","±355","±229","±238","±287","±417","±186","±162","±330","±127","±244","±120","±115","±143","±450"
"ZCTA5 78758","","","","","","","","","","","","","","","","","","","","","","","","","","","","","","","","","","","","","","","","","","","","","","","","",""
"    Estimate","50,575","25,176","1,950","989","1,246","758","548","89","157","1,374","3,214","3,957","2,376","1,684","1,270","1,683","1,357","532","571","250","352","310","237","157","115","25,399","2,273","1,709","1,580","521","492","125","155","1,346","3,331","3,299","1,910","1,931","1,188","1,177","1,041","426","656","404","388","648","316","168","315"
"    Margin of Error","±3,125","±1,682","±576","±315","±364","±408","±287","±65","±102","±431","±589","±574","±449","±440","±271","±401","±373","±150","±280","±105","±143","±107","±86","±83","±69","±2,060","±571","±580","±445","±189","±218","±115","±69","±433","±592","±538","±486","±446","±250","±475","±280","±214","±197","±156","±157","±196","±107","±74","±145"
"ZCTA5 78759","","","","","","","","","","","","","","","","","","","","","","","","","","","","","","","","","","","","","","","","","","","","","","","","",""
"    Estimate","45,901","23,282","1,567","1,156","1,234","693","533","136","102","918","2,004","2,315","1,976","1,545","1,928","1,718","1,514","243","653","410","593","682","595","366","401","22,619","1,073","1,041","954","498","161","61","39","958","2,195","2,868","1,923","1,435","1,430","1,588","1,524","463","764","413","605","934","657","359","676"
"    Margin of Error","±2,097","±1,345","±357","±263","±262","±186","±214","±119","±76","±332","±447","±466","±400","±311","±428","±476","±257","±86","±188","±151","±234","±155","±298","±160","±143","±1,097","±319","±284","±226","±133","±83","±43","±39","±289","±406","±531","±427","±284","±323","±304","±271","±125","±193","±138","±218","±245","±185","±112","±220"
"Travis County, Texas","","","","","","","","","","","","","","","","","","","","","","","","","","","","","","","","","","","","","","","","","","","","","","","","",""
"    Estimate","1,250,884","631,786","39,799","37,462","39,406","21,514","16,206","8,349","7,899","25,090","65,451","65,236","55,810","48,371","44,285","37,497","34,932","12,201","16,681","8,986","13,575","15,075","8,618","4,786","4,557","619,098","37,921","35,653","37,777","21,111","16,030","8,027","8,032","24,682","61,486","59,632","50,400","46,097","41,783","36,377","34,327","13,387","18,927","10,551","13,902","17,537","10,314","6,072","9,073"
"    Margin of Error","*****","±92","±90","±1,534","±1,516","±68","±114","±890","±803","±936","±69","±88","±1,690","±1,689","±119","±18","±1,278","±1,011","±1,102","±691","±871","±878","±574","±448","±463","±92","±85","±1,394","±1,394","±79","±45","±722","±731","±950","±64","±55","±1,718","±1,702","±93","±46","±1,176","±942","±1,055","±815","±822","±894","±686","±483","±690"