Zip Code,Occupied housing units,Vacant housing units,"Total 1-unit, detached","Total 1-unit, attached",Total 2 units,Total 3 or 4 units,Total 5 to 9 units,Total 10 to 19 units,Total 20 or more units,Total Mobile home,"Total Boat, RV, van, etc.",Total Built 2014 or later,Total Built 2010 to 2013,Total Built 2000 to 2009,Total Built 1990 to 1999,Total Built 1980 to 1989,Total Built 1970 to 1979,Total Built 1960 to 1969,Total Built 1950 to 1959,Total Built 1940 to 1949,Total Built 1939 or earlier,Total 1 room,Total 2 rooms,Total 3 rooms,Total 4 rooms,Total 5 rooms,Total 6 rooms,Total 7 rooms,Total 8 rooms,Total 9 or more,Total No bedroom,Total 1 bedroom,Total 2 bedrooms,Total 3 bedrooms,Total 4 bedrooms,Total 5 or more bedrooms,Occupied Owner-occupied,Occupied Renter-occupied,Occupied Moved in 2019 or later,Occupied Moved in 2015 to 2018,Occupied Moved in 2010 to 2014,Occupied Moved in 2000 to 2009,Occupied Moved in 1990 to 1999,Occupied Moved in 1989 and earlier,Occupied No vehicles available,Occupied 1 vehicle available,Occupied 2 vehicles available,Occupied 3 or more vehicles available,Occupied Utility gas,"Occupied Bottled, tank, or LP gas",Occupied Electricity,"Occupied Fuel oil, kerosene, etc.",Occupied Coal or coke,Occupied Wood,Occupied Solar energy,Occupied Other fuel,Occupied No fuel used,Occupied Lacking complete plumbing facilities,Occupied Lacking complete kitchen facilities,Occupied No telephone service available,OCCUPANTS Occupied 1.00 or less,OCCUPANTS Occupied 1.01 to 1.50,OCCUPANTS Occupied 1.51 or more,"Owner-occupied units Less than $50,000","Owner-occupied units $50,000 to $99,999","Owner-occupied units $100,000 to $149,999","Owner-occupied units $150,000 to $199,999","Owner-occupied units $200,000 to $299,999","Owner-occupied units $300,000 to $499,999","Owner-occupied units $500,000 to $999,999","Owner-occupied units $1,000,000 or more",Owner-occupied units with a mortgage,Owner-occupied units without a mortgage,SELECTED MONTHLY OWNER COSTS (SMOC) with a mortgage Less than $500,SELECTED MONTHLY OWNER COSTS (SMOC) with a mortgage $500 to $999,"SELECTED MONTHLY OWNER COSTS (SMOC) with a mortgage $1,000 to $1,499","SELECTED MONTHLY OWNER COSTS (SMOC) with a mortgage $1,500 to $1,999","SELECTED MONTHLY OWNER COSTS (SMOC) with a mortgage $2,000 to $2,499","SELECTED MONTHLY OWNER COSTS (SMOC) with a mortgage $2,500 to $2,999","SELECTED MONTHLY OWNER COSTS (SMOC) with a mortgage $3,000 or more",SELECTED MONTHLY OWNER COSTS (SMOC) without a mortgage Less than $250,SELECTED MONTHLY OWNER COSTS (SMOC) without a mortgage $250 to $399,SELECTED MONTHLY OWNER COSTS (SMOC) without a mortgage $400 to $599,SELECTED MONTHLY OWNER COSTS (SMOC) without a mortgage $600 to $799,SELECTED MONTHLY OWNER COSTS (SMOC) without a mortgage $800 to $999,"SELECTED MONTHLY OWNER COSTS (SMOC) without a mortgage $1,000 or more",SELECTED MONTHLY OWNER COSTS AS A PERCENTAGE OF HOUSEHOLD INCOME (SMOCAPI) with a mortgage (excluding units where SMOCAPI cannot be computed) Less than 20.0 percent,SELECTED MONTHLY OWNER COSTS AS A PERCENTAGE OF HOUSEHOLD INCOME (SMOCAPI) with a mortgage (excluding units where SMOCAPI cannot be computed) 20.0 to 24.9 percent,SELECTED MONTHLY OWNER COSTS AS A PERCENTAGE OF HOUSEHOLD INCOME (SMOCAPI) with a mortgage (excluding units where SMOCAPI cannot be computed) 25.0 to 29.9 percent,SELECTED MONTHLY OWNER COSTS AS A PERCENTAGE OF HOUSEHOLD INCOME (SMOCAPI) with a mortgage (excluding units where SMOCAPI cannot be computed) 30.0 to 34.9 percent,SELECTED MONTHLY OWNER COSTS AS A PERCENTAGE OF HOUSEHOLD INCOME (SMOCAPI) with a mortgage (excluding units where SMOCAPI cannot be computed) 35.0 percent or more,SELECTED MONTHLY OWNER COSTS AS A PERCENTAGE OF HOUSEHOLD INCOME (SMOCAPI) Housing unit without a mortgage (excluding units where SMOCAPI cannot be computed) Less than 10.0 percent,SELECTED MONTHLY OWNER COSTS AS A PERCENTAGE OF HOUSEHOLD INCOME (SMOCAPI) Housing unit without a mortgage (excluding units where SMOCAPI cannot be computed) 10.0 to 14.9 percent,SELECTED MONTHLY OWNER COSTS AS A PERCENTAGE OF HOUSEHOLD INCOME (SMOCAPI) Housing unit without a mortgage (excluding units where SMOCAPI cannot be computed) 15.0 to 19.9 percent,SELECTED MONTHLY OWNER COSTS AS A PERCENTAGE OF HOUSEHOLD INCOME (SMOCAPI) Housing unit without a mortgage (excluding units where SMOCAPI cannot be computed) 20.0 to 24.9 percent,SELECTED MONTHLY OWNER COSTS AS A PERCENTAGE OF HOUSEHOLD INCOME (SMOCAPI) Housing unit without a mortgage (excluding units where SMOCAPI cannot be computed) 25.0 to 29.9 percent,SELECTED MONTHLY OWNER COSTS AS A PERCENTAGE OF HOUSEHOLD INCOME (SMOCAPI) Housing unit without a mortgage (excluding units where SMOCAPI cannot be computed) 30.0 to 34.9 percent,SELECTED MONTHLY OWNER COSTS AS A PERCENTAGE OF HOUSEHOLD INCOME (SMOCAPI) Housing unit without a mortgage (excluding units where SMOCAPI cannot be computed) 35.0 percent or more,GROSS RENT Occupied units paying rent Less than $500,GROSS RENT Occupied units paying rent $500 to $999,"GROSS RENT Occupied units paying rent $1,000 to $1,499","GROSS RENT Occupied units paying rent $1,500 to $1,999","GROSS RENT Occupied units paying rent $2,000 to $2,499","GROSS RENT Occupied units paying rent $2,500 to $2,999","GROSS RENT Occupied units paying rent $3,000 or more",GROSS RENT AS A PERCENTAGE OF HOUSEHOLD INCOME (GRAPI) Occupied units paying rent (excluding units where GRAPI cannot be computed) Less than 15.0 percent,GROSS RENT AS A PERCENTAGE OF HOUSEHOLD INCOME (GRAPI) Occupied units paying rent (excluding units where GRAPI cannot be computed) 15.0 to 19.9 percent,GROSS RENT AS A PERCENTAGE OF HOUSEHOLD INCOME (GRAPI) Occupied units paying rent (excluding units where GRAPI cannot be computed) 20.0 to 24.9 percent,GROSS RENT AS A PERCENTAGE OF HOUSEHOLD INCOME (GRAPI) Occupied units paying rent (excluding units where GRAPI cannot be computed) 25.0 to 29.9 percent,GROSS RENT AS A PERCENTAGE OF HOUSEHOLD INCOME (GRAPI) Occupied units paying rent (excluding units where GRAPI cannot be computed) 30.0 to 34.9 percent,GROSS RENT AS A PERCENTAGE OF HOUSEHOLD INCOME (GRAPI) Occupied units paying rent (excluding units where GRAPI cannot be computed) 35.0 percent or more
78610,96.6%,3.4%,81.4%,0.0%,0.0%,0.2%,2.2%,5.1%,4.8%,6.3%,0.0%,25.3%,19.8%,25.5%,10.6%,10.0%,3.1%,2.7%,1.0%,1.2%,0.6%,0.6%,4.0%,6.9%,13.7%,18.7%,16.2%,12.6%,14.0%,13.2%,0.6%,5.0%,11.6%,46.8%,29.8%,6.2%,77.8%,22.2%,6.3%,36.5%,26.6%,19.6%,7.5%,3.4%,1.9%,27.0%,46.2%,24.9%,40.3%,6.1%,53.3%,0.0%,0.0%,0.1%,0.2%,0.0%,0.0%,0.0%,0.3%,0.8%,94.9%,3.7%,1.4%,2.5%,3.3%,3.1%,7.7%,45.1%,28.7%,9.1%,0.5%,72.3%,27.7%,0.4%,7.1%,14.9%,32.4%,26.0%,14.0%,5.1%,3.3%,8.9%,20.8%,15.9%,22.9%,28.1%,40.7%,16.9%,11.7%,10.4%,20.2%,47.6%,23.7%,9.9%,3.3%,2.2%,2.0%,11.4%,2.8%,11.9%,46.3%,34.4%,4.6%,0.0%,0.0%,4.6%,8.8%,26.3%,15.3%,7.8%,37.3%
78612,92.8%,7.2%,52.1%,0.4%,0.7%,0.4%,0.0%,0.0%,0.0%,46.4%,0.0%,4.1%,3.6%,33.8%,24.5%,22.3%,6.8%,3.7%,0.5%,0.4%,0.4%,3.0%,1.9%,3.3%,9.5%,20.8%,21.1%,15.8%,6.8%,17.9%,3.0%,4.5%,14.0%,53.3%,20.9%,4.4%,83.7%,16.3%,3.6%,21.8%,27.0%,27.3%,12.4%,7.9%,1.8%,19.9%,40.9%,37.4%,5.3%,13.4%,78.5%,0.4%,0.0%,1.7%,0.0%,0.0%,0.7%,0.0%,0.9%,4.6%,94.5%,4.0%,1.5%,4.5%,9.6%,21.0%,17.6%,25.5%,14.0%,6.1%,1.5%,61.0%,39.0%,0.0%,9.7%,33.7%,34.5%,14.2%,2.8%,5.1%,7.5%,10.6%,36.4%,27.7%,13.9%,3.8%,38.6%,23.2%,11.8%,6.8%,19.7%,48.0%,17.1%,10.1%,1.5%,6.4%,5.8%,11.0%,0.0%,24.3%,50.3%,25.4%,0.0%,0.0%,0.0%,18.3%,8.2%,14.0%,11.3%,17.7%,30.7%
78613,95.9%,4.1%,76.9%,1.7%,0.2%,2.0%,2.9%,5.8%,8.5%,1.8%,0.1%,9.2%,11.4%,33.7%,27.9%,10.4%,4.3%,1.9%,0.5%,0.3%,0.4%,1.1%,3.0%,6.8%,11.9%,13.8%,16.3%,15.3%,12.9%,19.0%,1.1%,8.8%,11.2%,40.1%,31.9%,6.9%,71.5%,28.5%,4.3%,35.4%,24.3%,24.2%,9.0%,2.7%,2.0%,28.5%,48.4%,21.2%,54.5%,1.9%,43.1%,0.0%,0.0%,0.0%,0.1%,0.1%,0.2%,0.1%,0.7%,1.3%,97.9%,1.5%,0.6%,1.2%,0.6%,2.6%,7.3%,33.5%,42.9%,11.0%,0.9%,74.2%,25.8%,0.0%,1.2%,12.4%,28.6%,24.2%,18.2%,15.4%,1.7%,6.5%,20.0%,20.6%,21.1%,30.1%,49.5%,19.8%,10.6%,5.8%,14.4%,51.3%,21.5%,7.8%,5.1%,5.2%,1.5%,7.6%,1.4%,8.1%,44.7%,30.5%,13.0%,1.1%,1.2%,11.8%,15.1%,14.9%,15.2%,11.2%,31.8%
78615,90.6%,9.4%,70.8%,1.7%,0.0%,0.0%,0.0%,0.0%,0.0%,27.5%,0.0%,1.4%,3.6%,33.7%,16.1%,12.3%,8.4%,7.7%,3.6%,3.4%,9.6%,1.4%,0.5%,0.2%,11.8%,18.1%,21.7%,16.4%,21.4%,8.4%,1.4%,1.9%,10.8%,61.4%,20.7%,3.6%,78.7%,21.3%,0.3%,21.5%,23.4%,31.4%,10.1%,13.3%,1.3%,14.9%,36.4%,47.3%,0.0%,25.3%,71.3%,0.5%,0.0%,0.0%,0.0%,2.9%,0.0%,0.0%,0.0%,2.1%,87.8%,12.2%,0.0%,0.7%,17.6%,14.5%,14.9%,17.9%,18.9%,13.2%,2.4%,53.0%,47.0%,0.0%,1.3%,46.5%,19.7%,16.6%,15.9%,0.0%,12.2%,26.6%,17.3%,14.4%,20.9%,8.6%,65.4%,5.8%,3.8%,17.3%,7.7%,43.2%,10.1%,21.6%,1.4%,1.4%,2.2%,20.1%,2.6%,35.9%,48.7%,12.8%,0.0%,0.0%,0.0%,1.3%,17.1%,22.4%,13.2%,23.7%,22.4%
78617,92.8%,7.2%,65.6%,1.0%,0.9%,0.2%,0.2%,0.0%,0.0%,31.8%,0.3%,10.7%,10.1%,29.4%,23.0%,12.5%,8.4%,1.5%,1.8%,0.9%,1.8%,1.6%,1.3%,3.8%,9.9%,29.7%,19.4%,17.4%,11.7%,5.3%,1.6%,2.1%,11.6%,58.8%,25.1%,0.9%,81.1%,18.9%,3.2%,30.9%,24.7%,26.0%,11.0%,4.1%,2.0%,19.1%,37.4%,41.5%,16.7%,8.0%,73.6%,0.4%,0.0%,0.0%,0.8%,0.1%,0.5%,0.0%,1.9%,1.5%,92.4%,3.9%,3.7%,10.5%,8.8%,16.1%,27.5%,27.4%,7.2%,1.8%,0.6%,57.4%,42.6%,4.4%,6.9%,49.1%,31.0%,6.2%,1.7%,0.7%,8.4%,9.7%,32.8%,30.4%,11.1%,7.5%,45.0%,18.7%,7.2%,7.0%,22.1%,51.6%,21.6%,10.3%,5.6%,2.2%,2.6%,6.1%,5.0%,18.4%,33.4%,32.4%,7.3%,0.0%,3.5%,13.5%,1.4%,6.3%,12.7%,6.4%,59.8%
78620,94.5%,5.5%,79.2%,1.5%,1.9%,1.8%,0.3%,0.6%,1.1%,13.6%,0.1%,17.2%,8.8%,27.7%,24.6%,12.0%,6.3%,1.6%,0.4%,0.1%,1.3%,1.2%,1.4%,5.6%,6.3%,13.3%,15.7%,17.1%,12.1%,27.3%,1.3%,2.4%,9.6%,42.1%,35.4%,9.2%,85.9%,14.1%,6.8%,27.1%,22.6%,25.8%,12.5%,5.2%,0.7%,16.3%,49.5%,33.6%,9.4%,19.7%,69.2%,0.0%,0.0%,1.2%,0.0%,0.2%,0.5%,0.0%,1.1%,1.1%,98.8%,0.6%,0.7%,2.1%,1.9%,1.9%,3.2%,15.8%,37.8%,33.7%,3.6%,66.1%,33.9%,0.1%,2.5%,12.7%,18.0%,16.3%,17.4%,33.0%,4.0%,11.7%,15.7%,17.2%,16.6%,34.9%,48.1%,13.6%,11.1%,6.8%,20.4%,37.6%,14.6%,6.9%,18.9%,2.7%,5.0%,14.3%,4.4%,24.2%,34.7%,20.0%,14.7%,2.0%,0.0%,15.7%,9.6%,24.9%,5.4%,20.1%,24.3%
78621,87.8%,12.2%,67.9%,2.3%,2.5%,3.5%,0.8%,0.0%,0.4%,22.0%,0.6%,4.6%,3.0%,25.8%,19.5%,16.6%,8.9%,6.7%,4.5%,1.8%,8.6%,2.1%,1.5%,3.5%,17.9%,22.6%,23.4%,10.8%,7.6%,10.7%,2.2%,4.4%,22.3%,51.0%,18.0%,2.1%,79.4%,20.6%,2.2%,24.5%,19.0%,30.6%,15.1%,8.5%,3.9%,23.5%,42.0%,30.6%,23.2%,7.6%,65.9%,0.0%,0.0%,2.3%,0.0%,0.3%,0.7%,1.2%,2.5%,2.1%,94.3%,4.4%,1.3%,7.0%,12.3%,16.6%,17.9%,22.4%,14.9%,7.8%,1.2%,59.5%,40.5%,1.2%,20.0%,31.2%,28.5%,7.0%,3.8%,8.2%,9.7%,27.7%,26.9%,16.9%,8.9%,9.9%,41.4%,26.8%,8.1%,8.2%,15.4%,51.1%,19.0%,9.7%,5.2%,3.9%,2.1%,9.0%,10.3%,31.2%,48.2%,10.2%,0.0%,0.0%,0.0%,29.8%,9.5%,5.4%,9.3%,5.8%,40.2%
78634,95.4%,4.6%,87.2%,1.8%,0.9%,0.4%,1.2%,1.8%,3.0%,3.6%,0.0%,21.8%,9.8%,50.9%,7.9%,6.3%,1.9%,0.6%,0.6%,0.1%,0.2%,0.1%,0.1%,3.9%,9.0%,23.9%,21.4%,19.4%,13.9%,8.3%,0.1%,3.4%,7.6%,51.2%,32.6%,5.2%,79.2%,20.8%,7.2%,41.6%,21.9%,22.9%,4.2%,2.3%,0.1%,18.6%,52.0%,29.2%,34.9%,4.5%,58.7%,0.2%,0.0%,0.0%,0.2%,0.0%,1.6%,0.9%,1.0%,3.1%,97.6%,1.3%,1.0%,2.5%,0.4%,7.2%,25.3%,45.2%,15.8%,2.4%,1.3%,82.8%,17.2%,0.0%,3.0%,26.4%,38.2%,18.7%,8.2%,5.6%,3.5%,15.9%,26.0%,29.9%,17.9%,6.7%,34.9%,19.7%,16.1%,6.9%,22.3%,54.8%,19.0%,9.9%,4.7%,3.5%,1.9%,6.3%,0.8%,8.2%,36.4%,26.0%,19.0%,9.2%,0.5%,13.5%,16.2%,10.7%,13.0%,10.9%,35.7%
78641,95.8%,4.2%,86.7%,0.8%,0.3%,0.3%,1.3%,1.1%,4.6%,4.8%,0.0%,25.5%,11.7%,32.7%,15.5%,8.6%,3.6%,0.7%,0.7%,0.3%,0.7%,0.7%,1.7%,3.1%,6.4%,17.1%,22.9%,16.6%,13.4%,18.0%,0.8%,3.6%,7.6%,48.2%,34.8%,5.1%,79.2%,20.8%,8.5%,37.1%,24.1%,22.0%,5.4%,3.0%,1.7%,19.1%,53.3%,26.0%,46.8%,6.2%,46.0%,0.0%,0.0%,0.2%,0.1%,0.4%,0.2%,0.1%,0.4%,0.4%,98.3%,1.4%,0.3%,1.0%,1.9%,5.4%,13.1%,34.5%,29.2%,13.5%,1.4%,76.6%,23.4%,0.1%,3.0%,16.8%,29.5%,20.4%,9.5%,20.7%,1.9%,6.3%,24.9%,21.0%,16.7%,29.1%,46.1%,19.2%,9.9%,7.3%,17.5%,38.8%,26.3%,15.5%,6.3%,3.3%,1.8%,8.0%,0.3%,14.7%,32.3%,35.2%,14.7%,2.7%,0.2%,10.7%,18.7%,19.9%,10.6%,9.6%,30.6%
78645,82.4%,17.6%,71.0%,8.9%,5.3%,2.0%,3.4%,0.6%,1.4%,7.3%,0.1%,7.7%,3.4%,35.2%,20.3%,15.6%,14.6%,1.7%,1.1%,0.2%,0.1%,2.1%,4.3%,4.8%,11.8%,14.9%,25.3%,14.6%,11.1%,11.1%,2.1%,7.6%,11.6%,57.1%,19.9%,1.7%,84.6%,15.4%,7.0%,24.6%,18.2%,33.7%,10.0%,6.5%,2.9%,25.0%,48.2%,23.9%,5.2%,11.2%,82.8%,0.0%,0.1%,0.5%,0.0%,0.2%,0.0%,0.3%,3.3%,0.8%,98.7%,1.1%,0.2%,2.3%,6.4%,6.3%,12.5%,24.0%,32.1%,12.0%,4.3%,60.7%,39.3%,0.0%,5.7%,23.9%,26.9%,13.7%,15.8%,14.1%,3.0%,12.4%,22.1%,20.7%,25.1%,16.7%,48.1%,15.8%,10.2%,7.3%,18.6%,39.1%,21.4%,19.7%,8.7%,4.3%,1.2%,5.6%,18.3%,19.4%,26.3%,29.3%,6.7%,0.0%,0.0%,4.4%,15.6%,6.6%,9.0%,3.6%,60.9%
78652,90.1%,9.9%,72.1%,0.4%,0.8%,1.7%,4.3%,7.2%,10.2%,3.3%,0.0%,24.9%,11.2%,17.3%,10.0%,16.7%,18.0%,0.7%,0.8%,0.0%,0.5%,3.8%,13.7%,8.1%,7.5%,17.4%,16.2%,13.6%,8.5%,11.2%,3.8%,18.1%,8.2%,42.8%,22.7%,4.4%,65.6%,34.4%,4.2%,40.5%,15.8%,23.7%,8.1%,7.8%,2.5%,21.1%,46.8%,29.6%,9.0%,4.2%,85.5%,0.0%,0.0%,0.0%,1.3%,0.0%,0.0%,0.0%,0.0%,0.0%,95.0%,1.5%,3.4%,0.0%,0.0%,6.0%,13.0%,24.4%,44.8%,11.0%,0.8%,68.6%,31.4%,0.0%,2.9%,8.4%,31.0%,37.5%,7.0%,13.2%,10.8%,13.6%,27.0%,39.6%,2.6%,6.4%,44.1%,18.9%,10.4%,6.4%,20.2%,56.7%,24.2%,3.4%,2.5%,0.0%,10.2%,3.2%,0.0%,3.5%,52.4%,32.1%,8.2%,0.0%,3.8%,1.9%,15.6%,19.6%,18.3%,14.7%,29.9%
78653,92.7%,7.3%,86.4%,1.1%,0.5%,0.0%,1.2%,0.4%,3.2%,7.2%,0.0%,24.6%,10.3%,41.7%,9.7%,5.4%,5.5%,0.6%,0.5%,0.7%,1.0%,2.1%,0.7%,3.3%,9.9%,29.5%,24.0%,17.0%,7.6%,6.0%,2.2%,4.0%,7.5%,56.3%,26.6%,3.4%,84.2%,15.8%,14.9%,38.6%,19.3%,21.7%,2.9%,2.6%,1.5%,23.4%,49.5%,25.6%,24.3%,3.6%,70.7%,0.0%,0.0%,0.1%,0.5%,0.7%,0.0%,0.6%,0.9%,1.4%,94.2%,3.5%,2.3%,7.4%,1.3%,6.0%,22.0%,50.1%,11.7%,0.7%,0.8%,82.9%,17.1%,1.6%,5.5%,27.2%,43.3%,17.4%,3.2%,1.8%,6.3%,14.3%,28.1%,23.6%,23.0%,4.6%,31.4%,29.5%,10.2%,10.4%,18.5%,42.4%,29.5%,8.2%,6.6%,3.0%,3.3%,7.0%,0.4%,15.7%,33.9%,44.8%,5.3%,0.0%,0.0%,7.2%,20.2%,9.6%,18.7%,0.7%,43.6%
78654,73.6%,26.4%,70.8%,2.1%,2.5%,5.1%,3.9%,1.8%,2.4%,11.4%,0.0%,5.1%,4.4%,29.0%,15.9%,13.5%,19.8%,9.4%,1.7%,0.4%,0.8%,5.4%,1.1%,5.0%,15.9%,23.1%,21.2%,12.7%,8.2%,7.3%,5.4%,5.2%,21.7%,53.1%,12.5%,2.1%,72.7%,27.3%,3.1%,27.3%,20.8%,28.5%,11.3%,8.9%,3.6%,31.9%,41.9%,22.6%,8.3%,5.5%,85.6%,0.0%,0.0%,0.5%,0.0%,0.0%,0.0%,0.2%,1.8%,1.9%,95.8%,2.5%,1.6%,7.0%,10.0%,11.1%,15.6%,21.5%,18.3%,12.3%,4.3%,46.6%,53.4%,2.8%,18.5%,26.6%,24.5%,8.8%,9.5%,9.3%,7.9%,21.0%,24.7%,18.0%,12.4%,15.8%,36.6%,13.8%,12.0%,13.4%,24.1%,33.4%,29.4%,13.2%,10.9%,1.5%,1.5%,10.2%,8.5%,39.7%,40.9%,5.1%,3.8%,0.0%,1.9%,15.5%,6.6%,8.4%,15.5%,25.8%,28.3%
78660,96.0%,4.0%,74.9%,2.5%,0.5%,2.8%,2.5%,6.1%,7.0%,3.6%,0.0%,20.1%,12.9%,32.0%,20.3%,11.0%,2.1%,0.4%,0.5%,0.3%,0.3%,1.5%,3.1%,6.6%,11.6%,20.7%,18.6%,13.5%,10.8%,13.7%,1.8%,9.4%,11.1%,41.9%,29.1%,6.7%,74.4%,25.6%,6.4%,34.0%,26.9%,22.4%,7.9%,2.3%,3.5%,27.7%,44.3%,24.5%,54.9%,0.7%,43.8%,0.0%,0.0%,0.1%,0.2%,0.0%,0.2%,0.1%,0.7%,1.8%,96.3%,3.0%,0.6%,4.3%,1.0%,4.7%,11.9%,46.7%,29.9%,1.1%,0.3%,77.2%,22.8%,0.0%,3.4%,21.6%,34.6%,24.5%,12.4%,3.6%,4.9%,4.2%,24.7%,21.8%,30.8%,13.7%,47.5%,15.7%,11.7%,8.4%,16.7%,48.3%,21.5%,13.7%,5.0%,1.8%,3.2%,6.4%,1.5%,5.3%,52.2%,31.5%,7.2%,2.3%,0.0%,9.1%,18.8%,19.7%,11.2%,8.6%,32.6%
78663,76.2%,23.8%,85.0%,0.0%,0.0%,0.0%,0.0%,0.0%,0.0%,14.5%,0.5%,6.3%,0.0%,34.3%,15.3%,19.8%,16.3%,0.0%,1.3%,3.3%,3.5%,9.8%,0.3%,9.3%,12.0%,6.3%,20.6%,24.1%,7.0%,10.8%,9.8%,4.5%,12.3%,57.4%,6.3%,9.8%,81.9%,18.1%,1.0%,17.1%,24.7%,39.1%,4.6%,13.5%,0.0%,13.2%,54.3%,32.6%,12.5%,29.9%,54.9%,0.0%,0.0%,2.6%,0.0%,0.0%,0.0%,0.0%,0.7%,4.3%,98.7%,1.0%,0.3%,2.8%,1.6%,34.9%,15.3%,4.8%,8.8%,12.9%,18.9%,46.2%,53.8%,1.7%,0.0%,4.3%,66.1%,6.1%,8.7%,13.0%,3.7%,3.7%,38.8%,31.3%,22.4%,0.0%,41.7%,0.0%,56.5%,0.0%,1.7%,41.8%,23.1%,24.6%,0.0%,0.0%,7.5%,3.0%,53.6%,35.7%,0.0%,10.7%,0.0%,0.0%,0.0%,55.6%,22.2%,0.0%,0.0%,11.1%,11.1%
78664,92.8%,7.2%,62.5%,4.8%,2.9%,5.0%,3.9%,11.1%,9.5%,0.3%,0.0%,7.7%,4.0%,26.9%,26.0%,23.0%,9.4%,0.8%,1.0%,0.6%,0.7%,1.2%,2.3%,11.6%,17.0%,20.5%,18.6%,11.9%,7.7%,9.2%,1.3%,13.6%,21.3%,42.0%,18.9%,2.9%,54.4%,45.6%,8.3%,36.9%,19.7%,22.6%,8.7%,3.7%,2.3%,33.4%,42.0%,22.3%,48.6%,0.3%,50.3%,0.0%,0.0%,0.0%,0.0%,0.0%,0.8%,0.0%,0.0%,1.4%,95.3%,3.5%,1.2%,1.7%,1.6%,11.3%,18.0%,41.5%,22.2%,3.6%,0.2%,79.2%,20.8%,0.0%,3.5%,30.1%,38.4%,13.3%,6.8%,7.9%,1.2%,5.9%,32.9%,31.1%,15.9%,13.0%,47.4%,21.4%,9.3%,6.2%,15.8%,41.8%,27.0%,14.3%,3.6%,4.4%,1.6%,7.3%,0.5%,11.9%,59.1%,22.7%,3.8%,1.6%,0.5%,10.4%,16.4%,14.5%,13.8%,8.0%,36.9%
78669,76.6%,23.4%,91.6%,0.4%,0.0%,0.0%,0.1%,0.6%,0.4%,6.7%,0.2%,24.1%,9.3%,29.4%,17.0%,10.5%,5.6%,1.0%,1.5%,0.3%,1.3%,1.3%,0.5%,3.1%,9.1%,12.5%,20.6%,13.9%,13.4%,25.4%,1.3%,1.8%,9.2%,47.5%,27.8%,12.5%,91.9%,8.1%,2.1%,38.6%,23.6%,24.6%,6.7%,4.4%,0.4%,14.7%,58.4%,26.5%,21.4%,16.5%,60.1%,0.0%,0.0%,1.0%,0.1%,0.4%,0.5%,0.4%,0.0%,1.2%,99.0%,0.7%,0.3%,0.8%,1.2%,2.2%,5.5%,11.6%,41.0%,28.7%,9.1%,73.4%,26.6%,0.0%,1.0%,8.7%,19.8%,13.0%,16.2%,41.4%,3.8%,5.4%,25.9%,14.2%,11.4%,39.4%,46.5%,16.8%,7.2%,6.8%,22.6%,45.3%,22.0%,13.1%,7.6%,0.3%,4.0%,7.7%,3.4%,56.5%,10.9%,10.4%,8.6%,10.2%,0.0%,16.7%,17.7%,10.4%,14.1%,4.4%,36.7%
78701,84.1%,15.9%,1.0%,0.3%,0.4%,3.5%,0.1%,3.4%,91.4%,0.0%,0.0%,22.8%,13.7%,34.6%,4.9%,6.0%,2.2%,6.9%,0.6%,2.1%,6.3%,8.7%,29.8%,33.4%,13.3%,7.2%,4.4%,2.6%,0.3%,0.2%,9.1%,54.0%,30.1%,5.3%,1.5%,0.0%,37.7%,62.3%,9.2%,58.7%,18.5%,11.3%,2.2%,0.1%,13.2%,56.0%,28.6%,2.2%,15.6%,0.2%,81.8%,0.1%,0.0%,0.0%,0.0%,0.2%,2.1%,0.0%,0.1%,1.4%,95.8%,1.0%,3.2%,1.3%,0.0%,0.4%,2.1%,3.5%,42.9%,25.1%,24.5%,62.6%,37.4%,0.0%,0.3%,1.0%,5.1%,10.4%,18.4%,64.9%,0.0%,0.0%,1.1%,7.0%,3.6%,88.3%,46.8%,14.0%,15.7%,1.1%,22.2%,39.4%,15.1%,2.0%,0.0%,31.6%,2.2%,9.8%,3.6%,6.2%,11.5%,17.4%,25.6%,20.6%,15.1%,16.0%,21.9%,14.1%,10.8%,5.4%,31.8%
78702,89.3%,10.7%,54.1%,2.7%,3.0%,5.6%,3.1%,2.9%,25.8%,2.8%,0.0%,16.1%,6.3%,16.9%,5.2%,4.7%,8.5%,6.2%,6.4%,10.6%,19.1%,7.3%,9.4%,18.0%,22.6%,20.1%,11.0%,5.1%,2.8%,3.6%,7.8%,21.3%,36.0%,26.2%,7.0%,1.8%,40.5%,59.5%,9.9%,40.0%,21.6%,13.8%,6.7%,8.0%,18.9%,40.2%,28.2%,12.6%,50.0%,2.5%,46.1%,0.3%,0.0%,0.0%,0.2%,0.5%,0.4%,0.2%,0.1%,2.3%,95.7%,2.6%,1.7%,4.1%,1.4%,1.1%,4.1%,6.3%,44.5%,33.8%,4.7%,61.0%,39.0%,0.6%,3.7%,13.8%,17.1%,19.5%,13.7%,31.7%,6.7%,12.1%,13.1%,23.6%,14.9%,29.6%,36.8%,20.0%,15.4%,7.3%,20.5%,25.4%,16.6%,13.7%,2.6%,9.6%,4.0%,28.1%,21.8%,15.3%,17.9%,18.4%,19.9%,4.9%,2.0%,19.7%,15.3%,10.0%,12.1%,8.9%,34.1%
78703,88.3%,11.7%,51.7%,5.4%,5.8%,4.6%,7.5%,9.4%,15.4%,0.1%,0.2%,3.3%,4.3%,12.6%,7.4%,10.2%,10.1%,7.5%,11.5%,16.3%,16.9%,4.0%,10.5%,12.2%,16.4%,14.5%,10.6%,9.8%,8.3%,13.8%,4.1%,19.4%,32.4%,23.8%,15.2%,5.1%,56.4%,43.6%,4.8%,40.2%,21.1%,16.1%,9.6%,8.3%,2.8%,42.3%,39.8%,15.0%,54.3%,0.7%,44.4%,0.0%,0.0%,0.0%,0.1%,0.2%,0.4%,0.2%,0.3%,1.1%,99.0%,0.9%,0.1%,0.4%,1.3%,0.7%,0.8%,3.5%,8.4%,36.3%,48.6%,64.0%,36.0%,0.0%,1.7%,1.7%,7.9%,4.6%,11.1%,73.0%,0.5%,1.1%,1.0%,4.7%,9.2%,83.5%,38.8%,12.9%,8.1%,7.2%,33.0%,35.4%,16.8%,18.7%,2.7%,6.5%,1.4%,18.6%,1.1%,26.0%,19.2%,22.1%,16.3%,5.7%,9.6%,15.2%,11.6%,15.6%,14.2%,7.8%,35.8%
78704,91.3%,8.7%,31.4%,9.3%,3.9%,6.7%,5.9%,11.9%,30.5%,0.4%,0.0%,13.2%,8.8%,10.5%,8.1%,14.5%,17.2%,11.6%,6.8%,3.4%,5.9%,8.5%,17.8%,23.7%,20.1%,11.0%,8.0%,4.6%,3.1%,3.3%,8.9%,31.1%,34.9%,19.0%,5.5%,0.4%,33.1%,66.9%,12.0%,46.2%,20.8%,11.8%,4.4%,4.8%,9.3%,47.5%,34.6%,8.6%,30.6%,1.3%,66.9%,0.0%,0.2%,0.0%,0.1%,0.5%,0.4%,0.3%,0.3%,1.8%,97.7%,1.6%,0.7%,0.6%,0.8%,1.1%,0.8%,9.0%,26.1%,45.6%,16.0%,66.5%,33.5%,0.4%,1.3%,8.7%,12.2%,15.4%,15.3%,46.7%,1.7%,2.0%,6.8%,11.6%,17.7%,60.3%,47.5%,9.8%,12.9%,6.9%,23.0%,32.1%,23.1%,12.0%,9.3%,2.0%,3.6%,18.0%,5.7%,10.3%,35.9%,26.8%,13.4%,4.6%,3.3%,13.9%,16.4%,13.8%,12.4%,9.5%,34.0%
78705,80.8%,19.2%,14.8%,2.5%,3.9%,3.8%,5.8%,13.2%,56.0%,0.0%,0.0%,10.2%,10.3%,14.4%,12.9%,11.6%,11.9%,8.2%,4.7%,3.1%,12.6%,11.8%,14.2%,28.2%,19.9%,11.5%,5.1%,2.6%,3.6%,3.2%,13.3%,32.0%,33.0%,12.4%,8.6%,0.8%,9.0%,91.0%,15.0%,63.9%,14.1%,2.9%,0.7%,3.3%,16.1%,45.8%,27.2%,10.9%,26.9%,0.8%,70.0%,0.0%,0.0%,0.0%,0.0%,0.1%,2.2%,0.0%,1.6%,2.0%,94.6%,3.0%,2.4%,1.3%,4.2%,7.5%,5.4%,16.1%,28.3%,37.3%,0.0%,32.5%,67.5%,0.0%,0.0%,10.1%,14.5%,23.0%,29.4%,23.0%,7.8%,3.1%,3.5%,28.5%,11.2%,45.9%,31.5%,8.1%,0.0%,23.8%,36.7%,23.8%,40.1%,0.0%,7.7%,2.9%,3.3%,22.2%,0.5%,17.5%,39.1%,26.2%,9.2%,3.4%,4.1%,7.2%,6.7%,8.7%,6.0%,5.4%,66.0%
78712,-,-,-,-,-,-,-,-,-,-,-,-,-,-,-,-,-,-,-,-,-,-,-,-,-,-,-,-,-,-,-,-,-,-,-,-,-,-,-,-,-,-,-,-,-,-,-,-,-,-,-,-,-,-,-,-,-,-,-,-,-,-,-,-,-,-,-,-,-,-,-,-,-,-,-,-,-,-,-,-,-,-,-,-,-,-,-,-,-,-,-,-,-,-,-,-,-,-,-,-,-,-,-,-,-,-,-,-,-,-,-
78719,87.1%,12.9%,54.6%,0.0%,3.4%,0.0%,1.5%,0.0%,0.0%,40.4%,0.0%,1.7%,1.5%,15.7%,18.7%,28.6%,13.5%,6.7%,12.7%,0.0%,0.9%,1.9%,1.5%,3.0%,17.2%,30.1%,19.8%,6.0%,15.7%,4.7%,1.9%,1.5%,12.3%,60.2%,20.9%,3.2%,78.8%,21.2%,3.2%,5.4%,20.2%,25.7%,36.5%,8.9%,6.4%,17.5%,43.7%,32.3%,13.3%,29.6%,55.6%,0.0%,0.0%,0.0%,0.0%,1.5%,0.0%,0.0%,0.0%,0.0%,89.6%,9.4%,1.0%,4.4%,31.3%,13.2%,19.1%,29.5%,1.3%,1.3%,0.0%,43.3%,56.7%,0.0%,18.8%,65.9%,15.2%,0.0%,0.0%,0.0%,0.0%,13.3%,53.6%,6.1%,10.5%,16.6%,51.4%,18.1%,21.7%,0.0%,8.7%,23.8%,18.2%,24.3%,19.9%,0.0%,0.0%,13.8%,13.7%,39.7%,46.6%,0.0%,0.0%,0.0%,0.0%,13.7%,9.6%,12.3%,17.8%,21.9%,24.7%
78721,92.1%,7.9%,69.9%,6.2%,4.6%,5.2%,4.7%,0.4%,8.6%,0.5%,0.0%,9.9%,6.9%,13.1%,9.5%,10.6%,11.2%,17.4%,12.4%,2.9%,6.1%,2.1%,2.4%,10.4%,27.4%,28.7%,17.0%,5.5%,4.5%,1.9%,2.4%,8.3%,27.8%,51.0%,10.4%,0.2%,52.6%,47.4%,7.0%,32.7%,23.5%,19.6%,3.4%,13.8%,10.5%,41.3%,30.3%,17.8%,56.8%,1.3%,40.7%,0.4%,0.0%,0.0%,0.4%,0.0%,0.4%,0.0%,0.0%,1.2%,96.7%,1.2%,2.1%,1.6%,1.0%,2.6%,4.0%,33.8%,49.6%,7.2%,0.2%,63.0%,37.0%,0.0%,7.2%,35.4%,21.3%,12.1%,16.5%,7.6%,1.7%,15.3%,36.0%,24.2%,14.8%,8.0%,27.6%,23.0%,12.5%,6.1%,30.9%,36.5%,18.9%,25.2%,4.4%,2.5%,2.0%,10.5%,10.3%,18.6%,31.2%,25.7%,8.3%,4.2%,1.6%,16.7%,13.4%,14.0%,7.4%,8.5%,40.1%
78722,91.0%,9.0%,62.1%,4.1%,7.5%,2.2%,1.0%,3.7%,19.1%,0.3%,0.0%,7.4%,5.7%,3.4%,4.8%,5.1%,4.0%,10.1%,16.1%,34.5%,8.9%,6.4%,7.7%,18.4%,23.2%,17.4%,10.7%,8.0%,5.5%,2.7%,9.2%,19.2%,36.9%,29.9%,4.7%,0.0%,46.3%,53.7%,4.9%,36.6%,21.3%,19.6%,10.6%,7.0%,7.2%,49.0%,30.2%,13.6%,59.5%,2.0%,37.1%,0.0%,0.0%,0.0%,1.0%,0.4%,0.0%,0.0%,0.0%,0.5%,97.9%,0.7%,1.4%,0.8%,0.0%,0.0%,2.3%,2.3%,62.0%,30.8%,1.7%,64.5%,35.5%,0.0%,0.3%,11.6%,24.1%,13.8%,30.6%,19.6%,0.0%,5.4%,21.5%,13.0%,24.0%,36.2%,39.3%,16.4%,10.2%,11.4%,22.7%,29.7%,27.5%,5.2%,12.0%,7.0%,4.4%,14.2%,0.8%,16.6%,35.0%,23.2%,12.4%,8.1%,3.8%,9.2%,6.3%,21.5%,17.3%,6.0%,39.6%
78723,91.3%,8.7%,51.5%,6.8%,3.9%,1.8%,4.5%,6.2%,25.2%,0.2%,0.0%,11.8%,5.9%,12.5%,4.7%,9.9%,14.9%,23.4%,14.2%,1.4%,1.3%,3.2%,8.3%,15.8%,19.6%,17.5%,16.7%,8.0%,6.8%,4.0%,3.3%,19.9%,24.6%,36.7%,13.0%,2.5%,48.2%,51.8%,7.5%,37.0%,24.5%,16.7%,6.1%,8.2%,8.3%,35.5%,41.5%,14.7%,47.9%,0.9%,50.1%,0.2%,0.0%,0.0%,0.3%,0.1%,0.5%,0.3%,0.5%,0.9%,94.9%,2.5%,2.7%,0.7%,1.7%,2.8%,3.0%,18.9%,52.2%,20.2%,0.6%,69.2%,30.8%,0.5%,1.5%,16.5%,25.1%,19.6%,17.1%,19.6%,1.7%,7.0%,22.4%,25.1%,19.3%,24.6%,46.4%,16.4%,11.0%,10.0%,16.2%,38.7%,23.9%,7.5%,7.2%,5.0%,6.7%,11.0%,6.3%,22.7%,39.4%,19.5%,7.0%,2.8%,2.3%,11.6%,10.5%,14.0%,11.0%,8.9%,44.0%
78724,95.5%,4.5%,54.7%,2.4%,2.2%,2.8%,0.6%,8.1%,2.4%,26.2%,0.6%,11.8%,6.8%,28.7%,15.2%,16.0%,16.2%,3.5%,1.2%,0.0%,0.6%,1.5%,0.3%,5.2%,17.5%,39.4%,23.4%,8.4%,2.8%,1.4%,1.5%,3.0%,21.8%,55.4%,17.9%,0.4%,63.2%,36.8%,2.9%,29.3%,25.7%,22.9%,9.6%,9.6%,3.4%,24.1%,37.2%,35.3%,36.3%,3.9%,59.5%,0.0%,0.0%,0.0%,0.0%,0.0%,0.3%,0.8%,0.8%,2.5%,88.3%,7.8%,3.9%,24.0%,13.3%,12.5%,19.1%,21.2%,8.6%,1.0%,0.2%,52.0%,48.0%,0.4%,14.1%,52.5%,23.0%,6.4%,3.3%,0.3%,9.9%,22.4%,20.2%,17.2%,22.3%,8.0%,35.2%,20.7%,12.8%,14.1%,17.1%,44.6%,25.4%,5.9%,6.4%,6.5%,1.6%,9.6%,0.9%,17.7%,55.5%,24.1%,1.8%,0.0%,0.0%,8.4%,5.7%,13.0%,4.9%,9.0%,59.0%
78725,97.1%,2.9%,95.6%,0.0%,0.0%,0.6%,0.0%,0.0%,0.0%,3.8%,0.0%,25.2%,10.9%,26.9%,6.0%,10.8%,13.1%,2.5%,2.1%,2.1%,0.5%,0.0%,0.4%,2.5%,14.3%,24.3%,38.2%,13.3%,4.4%,2.7%,0.0%,3.3%,8.5%,72.3%,14.9%,0.9%,85.0%,15.0%,6.2%,40.2%,16.2%,25.1%,2.3%,10.0%,0.0%,26.8%,43.8%,29.4%,57.5%,6.8%,35.5%,0.0%,0.0%,0.3%,0.0%,0.0%,0.0%,0.0%,0.0%,3.0%,96.1%,3.6%,0.3%,5.9%,4.8%,13.4%,30.1%,27.4%,17.8%,0.6%,0.0%,69.9%,30.1%,0.7%,11.1%,43.6%,28.2%,8.0%,7.3%,1.2%,5.0%,20.5%,33.3%,12.7%,27.3%,1.2%,39.1%,16.0%,11.2%,6.4%,27.2%,66.0%,12.1%,9.9%,4.4%,5.8%,0.0%,1.8%,0.0%,20.4%,24.0%,54.1%,0.0%,1.5%,0.0%,0.0%,12.6%,11.9%,6.6%,8.3%,60.7%
78726,92.1%,7.9%,43.8%,0.8%,0.0%,2.0%,5.1%,19.4%,28.4%,0.6%,0.0%,5.2%,5.3%,45.2%,37.3%,6.5%,0.5%,0.0%,0.0%,0.0%,0.0%,1.8%,3.8%,20.0%,24.1%,5.5%,5.5%,8.5%,7.8%,23.0%,1.8%,22.9%,26.9%,17.2%,24.6%,6.6%,44.2%,55.8%,8.1%,39.2%,18.2%,23.4%,7.7%,3.4%,1.0%,32.7%,46.8%,19.5%,52.6%,2.7%,44.8%,0.0%,0.0%,0.0%,0.0%,0.0%,0.0%,0.0%,4.3%,0.4%,98.9%,0.9%,0.3%,0.7%,0.0%,0.0%,0.0%,9.1%,50.8%,39.4%,0.0%,75.8%,24.2%,0.0%,0.0%,2.7%,5.1%,15.0%,17.6%,59.5%,0.0%,0.0%,0.0%,37.3%,25.1%,37.6%,46.8%,24.9%,4.8%,7.1%,16.3%,52.0%,8.5%,1.5%,9.4%,0.0%,0.0%,28.5%,1.1%,3.1%,63.6%,28.3%,2.4%,1.5%,0.0%,12.9%,12.9%,22.9%,11.9%,8.6%,30.8%
78727,93.2%,6.8%,48.4%,4.1%,2.4%,7.1%,6.2%,12.5%,19.3%,0.0%,0.0%,6.0%,4.3%,20.0%,31.4%,25.6%,10.1%,2.2%,0.2%,0.1%,0.1%,2.2%,6.1%,16.3%,18.1%,17.9%,15.0%,10.5%,7.6%,6.3%,2.2%,21.3%,24.8%,34.4%,16.1%,1.2%,44.7%,55.3%,7.9%,37.5%,22.3%,18.5%,8.7%,5.1%,2.9%,43.1%,40.4%,13.7%,55.7%,1.3%,42.3%,0.0%,0.0%,0.1%,0.4%,0.0%,0.2%,0.0%,0.4%,1.1%,96.9%,2.4%,0.7%,0.4%,0.0%,3.3%,7.6%,31.4%,50.3%,6.5%,0.5%,67.8%,32.2%,0.0%,1.6%,18.2%,34.4%,22.4%,9.7%,13.7%,1.2%,1.5%,19.9%,26.5%,27.1%,23.8%,46.7%,15.9%,12.8%,7.8%,16.8%,46.8%,21.2%,9.9%,8.2%,6.8%,0.8%,6.4%,0.0%,4.7%,52.8%,32.0%,10.0%,0.5%,0.0%,12.4%,15.5%,17.7%,15.3%,12.1%,27.1%
78728,92.8%,7.2%,38.4%,0.7%,0.6%,3.1%,5.7%,22.5%,27.6%,1.1%,0.2%,7.9%,6.2%,17.4%,32.1%,31.8%,3.5%,1.0%,0.0%,0.0%,0.1%,3.2%,7.8%,26.4%,23.0%,16.6%,11.0%,4.1%,4.8%,3.0%,3.2%,35.9%,22.4%,26.5%,11.7%,0.2%,29.4%,70.6%,6.8%,51.1%,25.7%,11.1%,4.2%,1.2%,7.2%,49.2%,36.5%,7.0%,30.1%,0.4%,69.3%,0.0%,0.0%,0.0%,0.0%,0.0%,0.2%,0.4%,0.4%,1.4%,96.2%,2.3%,1.5%,2.7%,0.1%,2.6%,11.3%,44.9%,38.1%,0.0%,0.2%,75.7%,24.3%,1.0%,3.2%,23.9%,37.7%,32.0%,1.9%,0.3%,8.1%,0.0%,21.9%,37.5%,16.9%,15.6%,47.2%,26.1%,10.0%,1.8%,14.9%,62.2%,18.1%,9.4%,1.1%,0.0%,3.1%,6.0%,1.1%,20.7%,55.5%,14.7%,6.0%,1.3%,0.8%,10.1%,11.3%,14.7%,19.0%,9.0%,36.0%
78729,89.9%,10.1%,39.3%,6.5%,4.0%,4.7%,8.1%,17.0%,19.2%,0.2%,0.7%,6.6%,4.0%,16.5%,28.8%,32.8%,9.9%,0.2%,0.4%,0.0%,0.8%,3.4%,6.2%,20.1%,19.6%,12.4%,12.5%,14.3%,5.2%,6.4%,3.5%,23.3%,25.4%,32.0%,14.1%,1.8%,41.8%,58.2%,7.2%,39.9%,23.0%,18.1%,8.5%,3.3%,3.4%,44.8%,41.2%,10.5%,36.5%,0.7%,62.4%,0.0%,0.1%,0.3%,0.0%,0.0%,0.1%,0.5%,1.7%,0.7%,98.5%,0.9%,0.6%,2.7%,0.4%,0.8%,7.2%,34.2%,53.3%,1.5%,0.0%,74.5%,25.5%,0.2%,2.0%,16.8%,37.7%,29.3%,11.6%,2.4%,3.5%,10.5%,20.2%,30.6%,24.4%,10.8%,53.3%,19.8%,8.1%,2.7%,16.1%,43.2%,27.8%,16.2%,2.9%,1.5%,2.4%,5.9%,0.7%,11.6%,53.1%,25.4%,7.5%,1.1%,0.5%,13.9%,12.9%,20.9%,9.8%,7.6%,34.9%
78730,96.4%,3.6%,57.9%,1.3%,0.9%,1.4%,5.1%,9.1%,24.3%,0.0%,0.0%,4.8%,2.9%,31.9%,46.0%,8.3%,1.9%,3.4%,0.0%,0.7%,0.0%,2.0%,4.5%,13.8%,16.9%,6.2%,6.5%,11.7%,8.3%,30.1%,3.3%,16.8%,24.3%,12.7%,31.1%,11.9%,57.6%,42.4%,2.8%,40.6%,26.4%,18.8%,9.6%,1.8%,3.2%,26.7%,50.4%,19.7%,45.6%,11.0%,41.1%,0.0%,0.0%,0.7%,0.3%,0.0%,1.3%,0.0%,0.0%,1.5%,99.2%,0.3%,0.5%,1.2%,0.0%,0.0%,4.7%,6.9%,5.3%,63.8%,18.2%,75.0%,25.0%,0.0%,0.7%,0.5%,8.7%,8.0%,13.0%,69.0%,0.0%,0.0%,3.9%,7.5%,10.4%,78.2%,45.8%,15.7%,8.2%,8.9%,21.3%,40.9%,26.9%,11.5%,4.0%,2.6%,2.6%,11.5%,0.0%,4.3%,63.6%,26.7%,0.7%,2.6%,2.1%,8.8%,21.7%,34.0%,5.8%,16.4%,13.2%
78731,93.2%,6.8%,48.9%,8.3%,0.6%,3.9%,8.9%,7.8%,21.1%,0.3%,0.2%,1.1%,1.5%,4.0%,12.1%,22.3%,31.0%,12.4%,13.0%,1.6%,0.9%,2.8%,8.0%,15.6%,15.6%,13.5%,8.7%,8.3%,11.8%,15.7%,4.0%,23.0%,25.8%,23.4%,17.8%,5.9%,54.5%,45.5%,11.9%,32.5%,21.0%,14.5%,11.2%,8.9%,6.8%,39.7%,41.5%,12.0%,46.2%,0.4%,52.5%,0.2%,0.0%,0.0%,0.1%,0.1%,0.5%,0.0%,1.3%,1.4%,98.7%,0.3%,1.0%,0.8%,0.3%,4.2%,1.8%,4.6%,17.0%,57.0%,14.2%,54.6%,45.4%,0.0%,0.7%,4.1%,6.5%,14.0%,13.1%,61.6%,3.0%,1.7%,4.5%,14.7%,16.3%,59.7%,49.0%,13.9%,5.5%,4.5%,27.1%,33.1%,19.6%,22.6%,5.8%,3.2%,2.6%,13.2%,0.7%,9.8%,53.4%,23.6%,5.0%,2.9%,4.7%,7.2%,17.2%,11.7%,9.6%,10.5%,43.8%
78732,98.6%,1.4%,78.2%,0.0%,0.0%,0.5%,2.9%,8.3%,10.1%,0.0%,0.0%,7.3%,13.3%,49.1%,21.1%,3.7%,2.0%,3.1%,0.0%,0.0%,0.5%,1.7%,1.4%,10.4%,6.6%,7.6%,8.6%,9.6%,13.5%,40.6%,1.7%,13.2%,7.6%,14.7%,39.0%,23.7%,74.2%,25.8%,6.0%,32.7%,22.5%,32.2%,6.1%,0.5%,5.5%,12.8%,45.1%,36.6%,57.9%,3.7%,38.4%,0.0%,0.0%,0.0%,0.0%,0.0%,0.0%,0.0%,1.1%,1.5%,99.7%,0.0%,0.3%,0.0%,0.0%,0.0%,1.9%,1.1%,40.4%,47.5%,9.1%,78.7%,21.3%,0.0%,0.0%,1.5%,3.1%,13.0%,22.3%,60.2%,5.1%,0.0%,5.0%,3.3%,18.7%,67.9%,55.6%,23.6%,13.6%,4.0%,3.2%,48.3%,21.3%,10.5%,6.1%,4.3%,3.5%,5.9%,0.0%,10.4%,47.2%,15.1%,1.3%,8.6%,17.4%,22.3%,2.2%,5.7%,5.6%,1.3%,62.9%
78733,97.4%,2.6%,93.3%,3.0%,0.0%,0.0%,0.0%,0.0%,0.0%,3.7%,0.0%,0.8%,2.5%,21.9%,32.9%,25.0%,9.7%,2.7%,2.9%,0.0%,1.6%,0.7%,0.2%,1.9%,3.3%,11.4%,18.3%,9.3%,15.1%,39.8%,0.7%,0.8%,6.1%,36.9%,35.4%,20.1%,90.8%,9.2%,3.6%,13.0%,30.6%,30.0%,13.6%,9.2%,1.1%,13.9%,53.1%,31.9%,13.6%,25.1%,58.7%,0.0%,0.0%,0.3%,1.6%,0.7%,0.0%,0.0%,0.7%,0.0%,100.0%,0.0%,0.0%,0.0%,0.1%,0.4%,1.2%,3.5%,26.2%,46.5%,22.0%,68.3%,31.7%,0.0%,1.8%,2.0%,10.1%,14.9%,11.7%,59.4%,3.3%,9.2%,0.0%,16.9%,9.8%,60.9%,51.0%,6.9%,7.0%,5.0%,30.0%,65.0%,12.8%,2.5%,6.4%,0.0%,2.2%,11.1%,0.0%,15.8%,2.1%,41.5%,2.1%,22.6%,15.8%,56.0%,1.3%,9.4%,9.8%,0.0%,23.5%
78734,89.1%,10.9%,81.4%,8.0%,1.2%,0.5%,0.5%,1.4%,2.7%,4.2%,0.2%,6.8%,6.9%,25.5%,23.3%,22.1%,10.4%,3.0%,0.7%,0.2%,1.1%,2.8%,1.7%,2.3%,6.4%,13.3%,25.5%,15.8%,12.9%,19.2%,2.9%,5.3%,9.5%,49.0%,27.4%,5.9%,82.9%,17.1%,5.2%,28.6%,23.5%,25.6%,12.0%,5.1%,1.6%,24.4%,46.5%,27.5%,14.1%,13.1%,72.5%,0.1%,0.0%,0.1%,0.0%,0.0%,0.0%,0.1%,1.5%,0.9%,98.1%,0.8%,1.1%,0.7%,0.2%,2.2%,3.2%,13.3%,44.6%,24.8%,11.1%,70.9%,29.1%,0.0%,1.3%,12.1%,17.5%,20.9%,14.8%,33.5%,4.8%,4.0%,8.8%,8.6%,25.5%,48.3%,41.2%,18.9%,9.0%,7.8%,23.1%,37.9%,19.5%,11.0%,1.8%,2.7%,1.8%,25.2%,0.0%,11.8%,29.1%,23.0%,11.8%,14.5%,9.9%,7.0%,15.1%,22.9%,15.7%,8.0%,31.3%
78735,87.6%,12.4%,42.0%,3.8%,0.7%,3.0%,4.6%,11.1%,30.1%,4.8%,0.0%,13.9%,6.8%,25.7%,34.4%,7.7%,6.6%,3.3%,0.7%,0.5%,0.4%,1.7%,6.8%,19.1%,17.3%,10.5%,12.1%,8.6%,6.9%,17.0%,1.7%,23.7%,23.3%,25.3%,19.2%,6.8%,49.2%,50.8%,11.8%,38.0%,23.4%,16.2%,8.2%,2.4%,3.8%,36.7%,44.9%,14.6%,46.6%,3.2%,48.9%,0.0%,0.0%,0.5%,0.0%,0.6%,0.2%,0.7%,1.3%,0.9%,96.7%,3.3%,0.0%,5.1%,1.4%,0.0%,1.3%,5.6%,30.9%,37.0%,18.7%,62.6%,37.4%,0.0%,0.9%,9.1%,6.4%,12.8%,17.2%,53.6%,3.8%,6.1%,6.8%,4.3%,18.3%,60.7%,43.7%,17.8%,14.9%,5.2%,18.3%,31.0%,20.7%,10.6%,7.7%,6.7%,4.4%,18.9%,0.4%,1.5%,34.2%,43.5%,12.5%,2.5%,5.3%,9.4%,17.9%,16.7%,10.6%,8.1%,37.4%
78736,96.8%,3.2%,75.1%,1.8%,2.2%,0.3%,0.4%,0.9%,16.6%,2.6%,0.0%,24.6%,6.8%,11.4%,16.6%,17.0%,18.4%,1.6%,0.6%,1.9%,1.0%,1.7%,6.5%,7.8%,9.1%,14.8%,22.1%,10.2%,9.0%,18.9%,1.7%,10.8%,13.0%,46.0%,21.1%,7.4%,72.5%,27.5%,12.8%,36.3%,13.0%,16.7%,10.2%,11.0%,0.4%,22.7%,49.1%,27.8%,22.7%,6.6%,70.7%,0.0%,0.0%,0.0%,0.0%,0.0%,0.0%,0.0%,0.0%,1.4%,97.5%,1.2%,1.3%,0.5%,1.4%,5.7%,4.3%,12.4%,51.7%,18.6%,5.4%,59.4%,40.6%,0.8%,0.9%,4.9%,21.7%,22.3%,11.5%,38.0%,0.0%,12.5%,27.7%,27.4%,19.4%,12.9%,37.7%,25.1%,13.6%,3.7%,20.0%,44.4%,24.9%,12.7%,8.4%,0.0%,0.0%,9.6%,0.0%,5.9%,46.7%,28.5%,18.9%,0.0%,0.0%,19.4%,4.6%,21.7%,22.5%,3.0%,28.9%
78737,97.8%,2.2%,92.3%,0.0%,3.4%,0.2%,0.2%,0.9%,0.9%,1.9%,0.2%,22.0%,10.1%,31.0%,15.3%,9.6%,9.1%,1.2%,0.8%,0.6%,0.4%,0.4%,0.5%,2.2%,7.8%,9.5%,13.4%,15.4%,13.8%,37.0%,0.4%,2.7%,5.7%,30.9%,47.6%,12.6%,90.9%,9.1%,4.5%,35.8%,23.2%,20.3%,10.7%,5.5%,2.3%,10.2%,57.5%,30.0%,37.5%,9.6%,52.2%,0.0%,0.0%,0.1%,0.2%,0.3%,0.0%,0.2%,0.8%,0.1%,99.8%,0.0%,0.2%,0.3%,1.2%,0.4%,1.4%,4.1%,48.7%,42.8%,1.2%,75.0%,25.0%,0.5%,0.7%,1.9%,13.9%,12.3%,22.0%,48.6%,1.1%,6.9%,9.9%,9.0%,21.2%,52.0%,45.2%,19.8%,10.7%,7.6%,16.7%,31.8%,16.4%,13.3%,14.3%,6.6%,1.5%,16.2%,0.0%,2.1%,34.8%,35.9%,8.9%,6.8%,11.4%,7.0%,18.9%,21.1%,35.4%,0.0%,17.7%
78738,91.0%,9.0%,69.2%,3.2%,0.0%,1.9%,2.9%,3.9%,18.5%,0.3%,0.1%,25.6%,14.4%,32.8%,19.2%,6.9%,1.0%,0.2%,0.0%,0.0%,0.0%,0.9%,3.7%,9.7%,15.3%,8.7%,6.0%,10.4%,15.8%,29.4%,0.9%,14.1%,20.3%,21.8%,34.4%,8.6%,72.4%,27.6%,4.4%,44.3%,21.6%,20.7%,7.0%,2.0%,1.9%,31.8%,50.5%,15.9%,21.7%,13.8%,63.4%,0.5%,0.0%,0.0%,0.3%,0.3%,0.0%,0.0%,0.3%,0.9%,99.7%,0.0%,0.3%,0.0%,0.4%,0.0%,0.5%,2.6%,35.2%,52.5%,8.7%,64.9%,35.1%,0.0%,0.6%,1.4%,6.4%,15.2%,29.0%,47.3%,0.0%,0.6%,1.9%,8.0%,14.3%,75.1%,42.7%,8.7%,8.3%,9.7%,30.6%,34.0%,18.9%,9.8%,5.2%,1.7%,4.4%,26.0%,0.8%,0.0%,39.1%,34.9%,8.3%,4.5%,12.4%,8.7%,20.8%,13.3%,7.5%,3.8%,45.9%
78739,97.3%,2.7%,99.3%,0.7%,0.0%,0.0%,0.0%,0.0%,0.0%,0.0%,0.0%,9.6%,14.0%,34.3%,25.7%,13.2%,2.7%,0.5%,0.0%,0.0%,0.0%,0.0%,0.2%,0.0%,3.9%,6.9%,11.2%,16.0%,24.4%,37.4%,0.0%,0.2%,0.0%,25.8%,60.2%,13.8%,94.2%,5.8%,2.3%,24.1%,29.0%,29.4%,11.4%,3.8%,0.2%,12.8%,60.3%,26.8%,69.5%,2.2%,27.9%,0.0%,0.0%,0.0%,0.0%,0.0%,0.4%,0.0%,0.2%,0.3%,100.0%,0.0%,0.0%,0.2%,0.0%,0.1%,0.0%,1.5%,50.4%,46.6%,1.1%,73.4%,26.6%,0.0%,0.2%,1.8%,11.3%,16.9%,24.5%,45.3%,0.0%,0.7%,4.1%,13.2%,20.2%,61.8%,55.7%,15.6%,16.2%,3.2%,9.3%,42.7%,21.2%,17.9%,5.4%,1.7%,1.8%,9.3%,0.0%,3.3%,0.0%,5.6%,27.2%,58.3%,5.6%,16.5%,38.4%,9.4%,5.3%,3.6%,26.7%
78741,91.7%,8.3%,14.8%,4.0%,3.5%,7.0%,11.7%,24.9%,32.7%,1.4%,0.1%,7.8%,6.0%,16.4%,16.4%,23.0%,17.6%,7.4%,3.3%,1.6%,0.6%,5.9%,11.6%,26.9%,25.1%,14.0%,8.8%,4.2%,2.4%,1.1%,6.3%,33.2%,33.1%,17.3%,10.0%,0.2%,16.7%,83.3%,8.9%,56.3%,21.7%,7.7%,2.6%,2.8%,10.0%,50.5%,28.8%,10.6%,27.0%,2.0%,69.7%,0.1%,0.1%,0.0%,0.0%,0.0%,1.1%,0.3%,0.8%,1.4%,94.1%,3.7%,2.2%,8.4%,7.7%,8.9%,13.0%,24.3%,29.4%,8.3%,0.0%,56.9%,43.1%,0.0%,8.7%,25.6%,30.5%,12.6%,10.8%,11.9%,9.2%,24.8%,33.5%,12.9%,10.4%,9.2%,45.5%,20.2%,10.7%,10.6%,13.0%,38.5%,16.7%,6.4%,7.8%,11.1%,1.9%,17.7%,3.8%,24.7%,49.1%,15.7%,5.1%,1.3%,0.4%,12.2%,13.2%,14.3%,12.4%,10.4%,37.5%
78742,93.8%,6.2%,50.5%,0.0%,2.4%,4.5%,0.0%,0.0%,2.1%,34.7%,5.8%,4.5%,2.1%,8.6%,25.4%,4.5%,20.3%,21.0%,6.5%,5.5%,1.7%,12.4%,1.4%,9.6%,10.0%,46.0%,13.4%,1.4%,1.0%,4.8%,12.4%,10.0%,30.9%,37.5%,9.3%,0.0%,62.3%,37.7%,6.2%,15.8%,26.7%,17.6%,15.0%,18.7%,6.2%,32.2%,25.6%,35.9%,22.7%,8.4%,60.1%,0.0%,0.0%,0.0%,0.0%,0.0%,8.8%,4.8%,12.5%,3.3%,87.9%,2.6%,9.5%,48.8%,10.0%,21.8%,9.4%,4.1%,0.0%,5.9%,0.0%,19.4%,80.6%,0.0%,0.0%,33.3%,42.4%,24.2%,0.0%,0.0%,48.9%,8.8%,13.9%,19.0%,9.5%,0.0%,0.0%,0.0%,12.1%,42.4%,45.5%,59.9%,8.8%,21.9%,0.0%,0.0%,0.0%,9.5%,0.0%,41.7%,40.8%,12.6%,4.9%,0.0%,0.0%,31.1%,4.9%,13.6%,12.6%,16.5%,21.4%
78744,95.4%,4.6%,53.7%,5.0%,5.0%,1.7%,4.4%,12.7%,10.3%,6.9%,0.4%,16.0%,5.0%,23.9%,14.6%,18.2%,19.3%,2.0%,0.4%,0.6%,0.1%,1.5%,5.4%,11.1%,19.1%,29.3%,17.6%,5.6%,6.5%,3.9%,1.6%,14.9%,23.6%,42.1%,16.9%,0.9%,47.8%,52.2%,6.9%,36.6%,20.8%,19.1%,11.0%,5.6%,6.3%,31.2%,36.4%,26.1%,36.6%,0.5%,60.3%,0.2%,0.0%,0.8%,0.2%,0.4%,1.1%,0.3%,0.2%,1.5%,91.8%,6.3%,1.8%,8.0%,6.3%,15.2%,21.8%,37.6%,9.9%,1.3%,0.0%,67.2%,32.8%,0.0%,11.9%,46.0%,26.7%,5.5%,1.7%,8.2%,14.5%,10.1%,23.6%,38.7%,9.9%,3.3%,34.2%,18.9%,12.7%,7.1%,27.2%,63.3%,11.7%,7.4%,7.6%,5.3%,0.2%,4.5%,2.7%,17.8%,55.4%,20.0%,4.0%,0.2%,0.0%,10.1%,10.6%,13.0%,11.5%,12.4%,42.4%
78745,95.2%,4.8%,56.5%,7.5%,2.8%,3.3%,4.5%,10.9%,13.2%,1.1%,0.0%,5.5%,4.1%,12.7%,9.2%,19.7%,28.4%,12.2%,6.0%,1.5%,0.7%,2.7%,8.8%,18.4%,21.4%,20.6%,14.1%,7.0%,3.9%,3.1%,2.8%,18.4%,25.4%,44.1%,8.7%,0.6%,48.5%,51.5%,6.3%,34.0%,22.3%,18.2%,8.3%,10.9%,4.5%,41.7%,40.0%,13.8%,41.4%,1.4%,56.7%,0.0%,0.0%,0.1%,0.0%,0.0%,0.4%,0.2%,0.9%,0.9%,96.0%,2.4%,1.6%,1.3%,0.7%,3.4%,8.2%,33.7%,48.1%,4.3%,0.4%,64.5%,35.5%,0.5%,6.3%,25.4%,30.7%,24.5%,7.4%,5.3%,2.5%,7.1%,32.8%,34.3%,14.1%,9.3%,49.3%,16.7%,9.3%,6.3%,18.5%,38.4%,19.2%,7.1%,9.7%,10.3%,2.4%,12.9%,2.8%,16.3%,44.2%,26.8%,9.0%,0.5%,0.5%,10.6%,15.1%,15.5%,12.1%,10.0%,36.8%
78746,91.3%,8.7%,65.1%,5.8%,0.6%,3.1%,3.9%,7.6%,13.9%,0.0%,0.0%,2.9%,2.9%,10.2%,22.2%,33.6%,19.2%,6.4%,2.3%,0.3%,0.1%,1.6%,6.4%,9.6%,10.6%,8.9%,9.8%,9.9%,12.9%,30.4%,1.6%,14.9%,15.5%,24.6%,31.0%,12.4%,69.4%,30.6%,6.3%,33.5%,17.8%,18.5%,13.1%,10.8%,2.5%,25.9%,45.4%,26.2%,43.5%,6.7%,49.6%,0.0%,0.0%,0.0%,0.1%,0.0%,0.1%,0.4%,1.0%,0.8%,98.7%,0.6%,0.7%,0.4%,0.2%,0.7%,1.1%,1.7%,5.5%,46.8%,43.5%,59.4%,40.6%,0.0%,0.0%,1.9%,3.0%,8.6%,9.0%,77.4%,0.3%,0.4%,1.8%,5.6%,4.8%,87.0%,44.8%,17.1%,10.7%,6.4%,21.0%,37.6%,16.9%,12.8%,6.7%,3.8%,2.1%,20.1%,0.0%,3.0%,36.9%,33.5%,11.5%,5.6%,9.6%,15.1%,14.5%,14.3%,17.0%,9.4%,29.8%
78747,95.5%,4.5%,69.6%,5.2%,0.0%,2.3%,0.8%,6.5%,4.1%,11.5%,0.0%,14.1%,8.9%,41.8%,12.9%,14.3%,6.2%,0.7%,0.5%,0.2%,0.4%,0.2%,1.3%,5.0%,10.4%,22.8%,26.6%,12.2%,11.5%,10.0%,0.3%,5.4%,10.7%,59.0%,21.8%,2.7%,79.7%,20.3%,3.6%,33.2%,23.7%,29.4%,7.1%,3.0%,1.4%,26.4%,49.0%,23.2%,40.0%,1.9%,56.9%,0.1%,0.0%,0.1%,0.3%,0.5%,0.2%,0.1%,0.1%,1.3%,96.1%,3.4%,0.4%,8.5%,3.3%,1.5%,13.9%,43.0%,27.4%,2.2%,0.4%,74.3%,25.7%,0.0%,9.1%,36.7%,26.9%,18.0%,6.0%,3.3%,8.0%,11.5%,21.7%,21.7%,22.0%,15.1%,33.4%,15.4%,16.6%,5.8%,28.8%,44.4%,27.9%,7.5%,2.3%,7.1%,3.7%,7.0%,0.0%,4.0%,40.3%,33.4%,20.6%,1.7%,0.0%,9.7%,24.1%,22.6%,3.3%,8.1%,32.2%
78748,94.7%,5.3%,64.7%,5.1%,1.2%,2.6%,3.1%,12.4%,9.7%,1.0%,0.2%,10.1%,11.5%,36.5%,15.9%,19.3%,4.6%,1.0%,0.7%,0.2%,0.1%,0.9%,6.1%,17.3%,18.6%,20.2%,13.3%,11.1%,6.6%,6.1%,1.1%,11.3%,24.0%,45.6%,15.6%,2.4%,59.4%,40.6%,8.5%,36.5%,23.6%,21.8%,6.6%,2.9%,2.4%,34.2%,45.4%,18.0%,44.5%,1.2%,53.5%,0.0%,0.0%,0.0%,0.3%,0.0%,0.5%,0.2%,0.2%,1.4%,95.8%,3.5%,0.7%,0.8%,1.0%,2.0%,4.9%,42.7%,45.8%,2.8%,0.0%,77.2%,22.8%,0.0%,3.5%,22.8%,35.5%,22.8%,8.9%,6.6%,2.1%,5.6%,23.1%,31.1%,21.7%,16.4%,48.2%,19.6%,10.3%,5.0%,16.9%,50.5%,10.7%,19.4%,8.0%,3.3%,3.2%,4.8%,0.8%,8.4%,41.1%,37.1%,11.7%,1.0%,0.0%,9.0%,13.1%,20.2%,12.7%,10.4%,34.6%
78749,95.6%,4.4%,71.0%,2.9%,0.9%,1.0%,2.6%,11.1%,10.3%,0.1%,0.0%,1.1%,2.4%,18.8%,42.1%,24.0%,8.2%,1.5%,0.7%,0.7%,0.6%,1.7%,8.5%,10.0%,14.9%,13.5%,16.9%,16.3%,8.0%,10.1%,1.7%,15.6%,14.8%,42.4%,23.2%,2.3%,66.1%,33.9%,5.3%,30.7%,19.1%,23.3%,17.9%,3.6%,3.3%,33.3%,46.9%,16.5%,57.6%,1.0%,41.1%,0.0%,0.0%,0.0%,0.1%,0.0%,0.3%,0.1%,1.0%,1.3%,97.9%,1.4%,0.7%,0.8%,0.0%,0.1%,2.7%,18.6%,70.8%,6.4%,0.6%,73.8%,26.2%,0.6%,0.5%,13.7%,33.8%,24.3%,16.6%,10.5%,0.8%,2.2%,13.3%,20.9%,27.5%,35.2%,47.2%,17.3%,9.5%,7.9%,18.1%,49.7%,24.3%,8.6%,3.9%,0.8%,1.5%,11.0%,0.2%,3.7%,50.5%,29.0%,12.7%,3.9%,0.0%,17.0%,13.2%,20.4%,11.3%,7.3%,30.8%
78750,95.6%,4.4%,57.4%,4.1%,2.3%,4.3%,6.5%,7.5%,17.7%,0.2%,0.0%,5.5%,6.7%,12.7%,17.5%,31.3%,22.3%,2.6%,0.6%,0.0%,0.7%,0.9%,3.1%,13.1%,15.0%,17.0%,12.8%,11.3%,11.5%,15.4%,1.0%,14.5%,23.6%,29.6%,26.0%,5.3%,58.1%,41.9%,8.2%,32.0%,20.6%,18.6%,12.3%,8.4%,1.3%,35.6%,46.4%,16.7%,47.9%,0.9%,50.6%,0.0%,0.0%,0.0%,0.6%,0.0%,0.0%,0.0%,0.2%,0.9%,97.3%,2.2%,0.5%,0.5%,0.7%,2.5%,3.5%,22.7%,31.9%,38.1%,0.0%,64.5%,35.5%,0.2%,1.2%,13.0%,22.3%,18.6%,14.1%,30.7%,0.4%,1.1%,14.3%,14.6%,15.4%,54.1%,48.8%,15.3%,15.1%,4.1%,16.7%,37.0%,16.7%,15.5%,4.5%,8.1%,6.4%,11.9%,0.0%,3.2%,43.5%,35.6%,13.5%,1.8%,2.4%,19.3%,14.0%,16.8%,15.7%,6.5%,27.7%
78751,89.4%,10.6%,40.6%,5.1%,5.6%,2.2%,3.4%,12.1%,30.7%,0.3%,0.0%,6.5%,3.7%,6.7%,6.6%,9.6%,15.0%,14.6%,9.7%,12.9%,14.8%,7.1%,18.6%,18.9%,22.8%,14.1%,9.4%,5.5%,1.8%,1.9%,11.9%,31.7%,34.6%,17.6%,3.4%,0.8%,25.1%,74.9%,12.1%,50.9%,20.1%,8.2%,4.6%,4.2%,11.5%,48.7%,31.7%,8.1%,48.8%,2.8%,46.8%,0.0%,0.0%,0.0%,0.5%,0.3%,0.8%,0.5%,0.6%,1.6%,98.4%,0.0%,1.6%,0.3%,0.9%,0.5%,1.8%,7.9%,41.7%,44.2%,2.7%,66.8%,33.2%,0.0%,1.8%,3.5%,12.6%,20.8%,17.8%,43.6%,4.2%,10.6%,10.3%,18.4%,16.7%,39.7%,43.3%,20.1%,12.6%,3.6%,20.5%,34.0%,15.8%,11.9%,15.5%,4.4%,2.4%,16.0%,0.9%,17.9%,37.7%,28.0%,11.5%,2.2%,1.8%,10.5%,10.0%,10.9%,21.2%,8.3%,39.1%
78752,92.9%,7.1%,25.6%,9.6%,8.9%,7.1%,10.2%,9.6%,28.9%,0.0%,0.0%,7.8%,6.5%,5.4%,4.0%,31.0%,21.9%,10.5%,11.1%,1.7%,0.1%,9.9%,9.9%,23.9%,24.0%,14.8%,8.7%,4.9%,2.5%,1.3%,10.7%,33.9%,29.1%,19.1%,7.0%,0.3%,23.3%,76.7%,12.8%,47.6%,17.6%,15.2%,3.4%,3.3%,9.8%,48.5%,36.6%,5.0%,36.7%,1.6%,61.1%,0.0%,0.1%,0.0%,0.3%,0.0%,0.2%,2.0%,1.9%,0.7%,89.8%,5.7%,4.6%,1.0%,2.3%,12.2%,11.2%,25.5%,38.5%,9.3%,0.0%,66.0%,34.0%,0.0%,1.0%,31.5%,19.1%,25.6%,9.8%,13.0%,0.0%,21.7%,44.5%,24.9%,4.3%,4.7%,49.8%,14.9%,13.7%,11.4%,10.2%,31.8%,17.1%,11.3%,2.1%,9.8%,0.0%,27.9%,4.3%,24.2%,46.9%,17.2%,3.2%,3.8%,0.5%,11.7%,12.8%,15.9%,11.6%,7.1%,41.0%
78753,94.0%,6.0%,36.0%,4.6%,4.0%,4.4%,9.1%,15.7%,21.3%,4.6%,0.3%,6.9%,5.3%,13.0%,15.8%,25.2%,18.3%,10.7%,3.4%,0.9%,0.5%,4.4%,5.3%,22.1%,24.6%,17.9%,12.9%,5.6%,3.5%,3.7%,4.8%,23.8%,31.6%,29.5%,8.2%,2.1%,35.4%,64.6%,7.1%,40.5%,22.2%,17.1%,8.4%,4.7%,5.0%,43.9%,31.9%,19.2%,36.2%,1.0%,61.9%,0.0%,0.1%,0.6%,0.1%,0.1%,0.0%,0.7%,0.5%,2.3%,89.8%,6.2%,4.0%,5.5%,5.4%,9.0%,22.5%,36.7%,18.5%,0.8%,1.5%,63.0%,37.0%,0.0%,6.1%,31.8%,40.1%,14.4%,3.7%,3.9%,9.7%,11.2%,22.0%,22.9%,22.8%,11.5%,38.9%,17.2%,6.5%,7.8%,29.6%,49.8%,8.3%,10.9%,5.6%,5.7%,3.1%,16.6%,3.1%,29.7%,52.4%,13.1%,0.6%,0.0%,1.1%,13.0%,14.2%,12.8%,10.8%,9.3%,39.9%
78754,96.8%,3.2%,53.7%,2.7%,1.0%,2.2%,7.1%,8.2%,13.4%,11.5%,0.4%,10.4%,12.0%,32.4%,23.1%,12.3%,7.7%,0.7%,0.4%,0.0%,1.1%,2.8%,3.7%,13.3%,17.5%,23.1%,14.8%,12.9%,6.7%,5.0%,2.8%,14.0%,21.8%,38.8%,18.4%,4.1%,57.9%,42.1%,8.4%,39.3%,22.9%,22.4%,6.3%,0.7%,3.9%,35.4%,36.2%,24.6%,36.2%,0.8%,62.1%,0.0%,0.0%,0.3%,0.5%,0.0%,0.0%,0.0%,0.0%,1.4%,92.0%,5.4%,2.6%,8.4%,5.5%,1.7%,11.8%,51.5%,21.0%,0.0%,0.0%,65.5%,34.5%,0.0%,5.4%,19.1%,54.3%,15.4%,3.1%,2.6%,8.4%,30.2%,11.4%,19.5%,23.5%,7.0%,47.9%,15.6%,8.0%,6.9%,21.6%,53.7%,12.2%,9.8%,10.1%,3.1%,1.7%,9.4%,4.7%,10.3%,56.2%,22.9%,5.6%,0.2%,0.0%,9.5%,18.0%,20.0%,13.3%,7.7%,31.5%
78756,92.0%,8.0%,40.8%,7.3%,4.0%,3.4%,3.4%,11.9%,28.6%,0.8%,0.0%,11.7%,6.5%,6.6%,3.0%,11.0%,15.4%,10.4%,11.8%,15.2%,8.4%,6.8%,12.2%,19.3%,19.7%,12.4%,12.1%,9.6%,2.8%,5.0%,8.7%,27.7%,32.0%,23.1%,7.3%,1.3%,45.2%,54.8%,7.5%,44.2%,17.3%,17.8%,8.0%,5.2%,11.3%,40.2%,39.2%,9.3%,54.6%,0.8%,43.5%,0.3%,0.0%,0.0%,0.0%,0.0%,0.7%,0.3%,1.5%,1.1%,98.5%,0.0%,1.5%,0.5%,0.0%,1.0%,2.6%,3.7%,32.1%,56.6%,3.6%,65.6%,34.4%,0.0%,3.4%,7.4%,13.7%,18.9%,7.6%,48.9%,0.0%,0.0%,6.1%,17.8%,10.5%,65.6%,47.6%,10.3%,15.3%,5.0%,21.9%,36.3%,7.2%,6.8%,8.0%,7.7%,4.0%,30.0%,10.0%,17.6%,32.6%,22.0%,12.7%,3.0%,2.2%,14.6%,15.2%,11.3%,18.4%,9.2%,31.3%
78757,94.5%,5.5%,56.4%,6.0%,6.0%,6.0%,5.0%,6.8%,13.6%,0.1%,0.0%,4.0%,1.0%,2.2%,2.6%,12.0%,14.3%,36.5%,23.5%,3.5%,0.5%,1.2%,5.7%,12.4%,24.1%,21.3%,18.9%,9.4%,4.0%,3.1%,1.9%,19.7%,30.1%,37.4%,10.0%,1.0%,56.6%,43.4%,7.0%,33.5%,19.6%,19.3%,7.4%,13.1%,4.2%,44.0%,41.1%,10.7%,58.4%,0.4%,40.3%,0.4%,0.3%,0.0%,0.0%,0.0%,0.2%,0.2%,0.3%,0.4%,95.3%,3.8%,0.9%,0.7%,0.5%,4.0%,4.0%,10.4%,45.5%,33.3%,1.6%,60.5%,39.5%,0.4%,2.4%,12.1%,20.8%,17.8%,17.5%,29.0%,2.6%,4.9%,11.5%,27.8%,18.5%,34.8%,44.2%,13.0%,9.8%,10.8%,22.2%,29.7%,14.5%,19.3%,6.5%,1.2%,18.3%,10.4%,3.9%,19.1%,48.6%,18.3%,7.0%,3.1%,0.1%,10.8%,12.1%,17.9%,14.3%,11.6%,33.3%
78758,91.5%,8.5%,27.3%,6.7%,8.8%,6.4%,7.6%,13.4%,29.0%,0.7%,0.0%,6.7%,6.2%,9.8%,13.9%,26.9%,26.6%,7.1%,1.3%,0.5%,0.9%,5.3%,11.3%,23.3%,21.1%,16.1%,12.4%,5.6%,3.5%,1.2%,5.5%,34.1%,29.7%,24.0%,6.3%,0.4%,28.8%,71.2%,13.6%,44.1%,20.1%,11.0%,6.0%,5.1%,7.9%,49.5%,33.6%,9.0%,40.3%,1.5%,57.0%,0.0%,0.0%,0.6%,0.0%,0.4%,0.2%,0.3%,0.9%,1.8%,92.4%,5.0%,2.6%,2.0%,2.9%,7.9%,15.2%,35.1%,34.2%,1.9%,0.7%,62.8%,37.2%,0.8%,7.2%,29.3%,31.5%,16.1%,11.1%,4.0%,6.8%,12.0%,29.2%,25.9%,16.3%,9.8%,47.2%,14.5%,10.7%,9.4%,18.2%,36.8%,27.5%,6.1%,12.2%,2.8%,6.2%,8.3%,2.0%,20.0%,49.3%,24.5%,3.8%,0.3%,0.0%,12.0%,13.7%,12.0%,14.8%,9.4%,38.1%
78759,94.3%,5.7%,43.3%,7.2%,1.6%,5.3%,9.8%,13.5%,19.2%,0.1%,0.0%,2.6%,0.8%,5.8%,23.2%,33.8%,26.4%,6.5%,0.3%,0.0%,0.4%,2.7%,5.3%,19.1%,18.3%,12.0%,13.5%,11.8%,7.1%,10.3%,2.7%,26.0%,25.4%,24.9%,18.4%,2.6%,48.5%,51.5%,9.8%,35.9%,22.2%,15.3%,9.0%,7.8%,3.1%,41.5%,43.6%,11.8%,39.2%,2.0%,58.3%,0.1%,0.0%,0.0%,0.2%,0.0%,0.2%,0.4%,0.9%,0.7%,98.3%,0.9%,0.8%,1.0%,0.8%,1.2%,4.3%,11.2%,41.5%,38.4%,1.7%,60.0%,40.0%,0.0%,1.9%,7.9%,18.8%,20.3%,17.6%,33.5%,0.4%,3.2%,17.3%,24.0%,17.9%,37.2%,53.7%,17.0%,9.0%,6.7%,13.7%,43.9%,23.7%,10.8%,3.0%,5.5%,1.2%,12.0%,0.2%,12.5%,54.8%,23.2%,6.4%,0.8%,2.1%,14.1%,16.1%,14.5%,18.3%,10.2%,26.8%