,Zip Code,HOUSING OCCUPANCY Total housing units,HOUSING OCCUPANCY Total housing units Occupied housing units,HOUSING OCCUPANCY Total housing units Vacant housing units,HOUSING OCCUPANCY Total housing units Homeowner vacancy rate,HOUSING OCCUPANCY Total housing units Rental vacancy rate,UNITS IN STRUCTURE Total housing units,"UNITS IN STRUCTURE Total housing units 1-unit, detached","UNITS IN STRUCTURE Total housing units 1-unit, attached",UNITS IN STRUCTURE Total housing units 2 units,UNITS IN STRUCTURE Total housing units 3 or 4 units,UNITS IN STRUCTURE Total housing units 5 to 9 units,UNITS IN STRUCTURE Total housing units 10 to 19 units,UNITS IN STRUCTURE Total housing units 20 or more units,UNITS IN STRUCTURE Total housing units Mobile home,"UNITS IN STRUCTURE Total housing units Boat, RV, van, etc.",YEAR STRUCTURE BUILT Total housing units,YEAR STRUCTURE BUILT Total housing units Built 2014 or later,YEAR STRUCTURE BUILT Total housing units Built 2010 to 2013,YEAR STRUCTURE BUILT Total housing units Built 2000 to 2009,YEAR STRUCTURE BUILT Total housing units Built 1990 to 1999,YEAR STRUCTURE BUILT Total housing units Built 1980 to 1989,YEAR STRUCTURE BUILT Total housing units Built 1970 to 1979,YEAR STRUCTURE BUILT Total housing units Built 1960 to 1969,YEAR STRUCTURE BUILT Total housing units Built 1950 to 1959,YEAR STRUCTURE BUILT Total housing units Built 1940 to 1949,YEAR STRUCTURE BUILT Total housing units Built 1939 or earlier,ROOMS,ROOMS Total housing units,ROOMS Total housing units 1 room,ROOMS Total housing units 2 rooms,ROOMS Total housing units 3 rooms,ROOMS Total housing units 4 rooms,ROOMS Total housing units 5 rooms,ROOMS Total housing units 6 rooms,ROOMS Total housing units 7 rooms,ROOMS Total housing units 8 rooms,ROOMS Total housing units 9 rooms or more,ROOMS Total housing units Median rooms,BEDROOMS Total housing units,BEDROOMS Total housing units No bedroom,BEDROOMS Total housing units 1 bedroom,BEDROOMS Total housing units 2 bedrooms,BEDROOMS Total housing units 3 bedrooms,BEDROOMS Total housing units 4 bedrooms,BEDROOMS Total housing units 5 or more bedrooms,HOUSING TENURE,HOUSING TENURE Occupied housing units,HOUSING TENURE Occupied housing units Owner-occupied,HOUSING TENURE Occupied housing units Renter-occupied,HOUSING TENURE Occupied housing units Average household size of owner-occupied unit,HOUSING TENURE Occupied housing units Average household size of renter-occupied unit,YEAR HOUSEHOLDER MOVED INTO UNIT Occupied housing units,YEAR HOUSEHOLDER MOVED INTO UNIT Occupied housing units Moved in 2019 or later,YEAR HOUSEHOLDER MOVED INTO UNIT Occupied housing units Moved in 2015 to 2018,YEAR HOUSEHOLDER MOVED INTO UNIT Occupied housing units Moved in 2010 to 2014,YEAR HOUSEHOLDER MOVED INTO UNIT Occupied housing units Moved in 2000 to 2009,YEAR HOUSEHOLDER MOVED INTO UNIT Occupied housing units Moved in 1990 to 1999,YEAR HOUSEHOLDER MOVED INTO UNIT Occupied housing units Moved in 1989 and earlier,VEHICLES AVAILABLE Occupied housing units,VEHICLES AVAILABLE Occupied housing units No vehicles available,VEHICLES AVAILABLE Occupied housing units 1 vehicle available,VEHICLES AVAILABLE Occupied housing units 2 vehicles available,VEHICLES AVAILABLE Occupied housing units 3 or more vehicles available,HOUSE HEATING FUEL,HOUSE HEATING FUEL Occupied housing units,HOUSE HEATING FUEL Occupied housing units Utility gas,"HOUSE HEATING FUEL Occupied housing units Bottled, tank, or LP gas",HOUSE HEATING FUEL Occupied housing units Electricity,"HOUSE HEATING FUEL Occupied housing units Fuel oil, kerosene, etc.",HOUSE HEATING FUEL Occupied housing units Coal or coke,HOUSE HEATING FUEL Occupied housing units Wood,HOUSE HEATING FUEL Occupied housing units Solar energy,HOUSE HEATING FUEL Occupied housing units Other fuel,HOUSE HEATING FUEL Occupied housing units No fuel used,SELECTED CHARACTERISTICS,SELECTED CHARACTERISTICS Occupied housing units,SELECTED CHARACTERISTICS Occupied housing units Lacking complete plumbing facilities,SELECTED CHARACTERISTICS Occupied housing units Lacking complete kitchen facilities,SELECTED CHARACTERISTICS Occupied housing units No telephone service available,OCCUPANTS PER ROOM Occupied housing units,OCCUPANTS PER ROOM Occupied housing units 1.00 or less,OCCUPANTS PER ROOM Occupied housing units 1.01 to 1.50,OCCUPANTS PER ROOM Occupied housing units 1.51 or more,VALUE Owner-occupied units,"VALUE Owner-occupied units Less than $50,000","VALUE Owner-occupied units $50,000 to $99,999","VALUE Owner-occupied units $100,000 to $149,999","VALUE Owner-occupied units $150,000 to $199,999","VALUE Owner-occupied units $200,000 to $299,999","VALUE Owner-occupied units $300,000 to $499,999","VALUE Owner-occupied units $500,000 to $999,999","VALUE Owner-occupied units $1,000,000 or more",VALUE Owner-occupied units Median (dollars),MORTGAGE STATUS Owner-occupied units,MORTGAGE STATUS Owner-occupied units Housing units with a mortgage,MORTGAGE STATUS Owner-occupied units Housing units without a mortgage,SELECTED MONTHLY OWNER COSTS (SMOC) Housing units with a mortgage,SELECTED MONTHLY OWNER COSTS (SMOC) Housing units with a mortgage Less than $500,SELECTED MONTHLY OWNER COSTS (SMOC) Housing units with a mortgage $500 to $999,"SELECTED MONTHLY OWNER COSTS (SMOC) Housing units with a mortgage $1,000 to $1,499","SELECTED MONTHLY OWNER COSTS (SMOC) Housing units with a mortgage $1,500 to $1,999","SELECTED MONTHLY OWNER COSTS (SMOC) Housing units with a mortgage $2,000 to $2,499","SELECTED MONTHLY OWNER COSTS (SMOC) Housing units with a mortgage $2,500 to $2,999","SELECTED MONTHLY OWNER COSTS (SMOC) Housing units with a mortgage $3,000 or more",SELECTED MONTHLY OWNER COSTS (SMOC) Housing units with a mortgage Median (dollars),SELECTED MONTHLY OWNER COSTS (SMOC) Housing units without a mortgage,SELECTED MONTHLY OWNER COSTS (SMOC) Housing units without a mortgage Less than $250,SELECTED MONTHLY OWNER COSTS (SMOC) Housing units without a mortgage $250 to $399,SELECTED MONTHLY OWNER COSTS (SMOC) Housing units without a mortgage $400 to $599,SELECTED MONTHLY OWNER COSTS (SMOC) Housing units without a mortgage $600 to $799,SELECTED MONTHLY OWNER COSTS (SMOC) Housing units without a mortgage $800 to $999,"SELECTED MONTHLY OWNER COSTS (SMOC) Housing units without a mortgage $1,000 or more",SELECTED MONTHLY OWNER COSTS (SMOC) Housing units without a mortgage Median (dollars),SELECTED MONTHLY OWNER COSTS AS A PERCENTAGE OF HOUSEHOLD INCOME (SMOCAPI) Housing units with a mortgage (excluding units where SMOCAPI cannot be computed),SELECTED MONTHLY OWNER COSTS AS A PERCENTAGE OF HOUSEHOLD INCOME (SMOCAPI) Housing units with a mortgage (excluding units where SMOCAPI cannot be computed) Less than 20.0 percent,SELECTED MONTHLY OWNER COSTS AS A PERCENTAGE OF HOUSEHOLD INCOME (SMOCAPI) Housing units with a mortgage (excluding units where SMOCAPI cannot be computed) 20.0 to 24.9 percent,SELECTED MONTHLY OWNER COSTS AS A PERCENTAGE OF HOUSEHOLD INCOME (SMOCAPI) Housing units with a mortgage (excluding units where SMOCAPI cannot be computed) 25.0 to 29.9 percent,SELECTED MONTHLY OWNER COSTS AS A PERCENTAGE OF HOUSEHOLD INCOME (SMOCAPI) Housing units with a mortgage (excluding units where SMOCAPI cannot be computed) 30.0 to 34.9 percent,SELECTED MONTHLY OWNER COSTS AS A PERCENTAGE OF HOUSEHOLD INCOME (SMOCAPI) Housing units with a mortgage (excluding units where SMOCAPI cannot be computed) 35.0 percent or more,SELECTED MONTHLY OWNER COSTS AS A PERCENTAGE OF HOUSEHOLD INCOME (SMOCAPI) Housing units with a mortgage (excluding units where SMOCAPI cannot be computed) Not computed,SELECTED MONTHLY OWNER COSTS AS A PERCENTAGE OF HOUSEHOLD INCOME (SMOCAPI) Housing unit without a mortgage (excluding units where SMOCAPI cannot be computed),SELECTED MONTHLY OWNER COSTS AS A PERCENTAGE OF HOUSEHOLD INCOME (SMOCAPI) Housing unit without a mortgage (excluding units where SMOCAPI cannot be computed) Less than 10.0 percent,SELECTED MONTHLY OWNER COSTS AS A PERCENTAGE OF HOUSEHOLD INCOME (SMOCAPI) Housing unit without a mortgage (excluding units where SMOCAPI cannot be computed) 10.0 to 14.9 percent,SELECTED MONTHLY OWNER COSTS AS A PERCENTAGE OF HOUSEHOLD INCOME (SMOCAPI) Housing unit without a mortgage (excluding units where SMOCAPI cannot be computed) 15.0 to 19.9 percent,SELECTED MONTHLY OWNER COSTS AS A PERCENTAGE OF HOUSEHOLD INCOME (SMOCAPI) Housing unit without a mortgage (excluding units where SMOCAPI cannot be computed) 20.0 to 24.9 percent,SELECTED MONTHLY OWNER COSTS AS A PERCENTAGE OF HOUSEHOLD INCOME (SMOCAPI) Housing unit without a mortgage (excluding units where SMOCAPI cannot be computed) 25.0 to 29.9 percent,SELECTED MONTHLY OWNER COSTS AS A PERCENTAGE OF HOUSEHOLD INCOME (SMOCAPI) Housing unit without a mortgage (excluding units where SMOCAPI cannot be computed) 30.0 to 34.9 percent,SELECTED MONTHLY OWNER COSTS AS A PERCENTAGE OF HOUSEHOLD INCOME (SMOCAPI) Housing unit without a mortgage (excluding units where SMOCAPI cannot be computed) 35.0 percent or more,SELECTED MONTHLY OWNER COSTS AS A PERCENTAGE OF HOUSEHOLD INCOME (SMOCAPI) Housing unit without a mortgage (excluding units where SMOCAPI cannot be computed) Not computed,GROSS RENT Occupied units paying rent,GROSS RENT Occupied units paying rent Less than $500,GROSS RENT Occupied units paying rent $500 to $999,"GROSS RENT Occupied units paying rent $1,000 to $1,499","GROSS RENT Occupied units paying rent $1,500 to $1,999","GROSS RENT Occupied units paying rent $2,000 to $2,499","GROSS RENT Occupied units paying rent $2,500 to $2,999","GROSS RENT Occupied units paying rent $3,000 or more",GROSS RENT Occupied units paying rent Median (dollars),GROSS RENT Occupied units paying rent No rent paid,GROSS RENT AS A PERCENTAGE OF HOUSEHOLD INCOME (GRAPI) Occupied units paying rent (excluding units where GRAPI cannot be computed),GROSS RENT AS A PERCENTAGE OF HOUSEHOLD INCOME (GRAPI) Occupied units paying rent (excluding units where GRAPI cannot be computed) Less than 15.0 percent,GROSS RENT AS A PERCENTAGE OF HOUSEHOLD INCOME (GRAPI) Occupied units paying rent (excluding units where GRAPI cannot be computed) 15.0 to 19.9 percent,GROSS RENT AS A PERCENTAGE OF HOUSEHOLD INCOME (GRAPI) Occupied units paying rent (excluding units where GRAPI cannot be computed) 20.0 to 24.9 percent,GROSS RENT AS A PERCENTAGE OF HOUSEHOLD INCOME (GRAPI) Occupied units paying rent (excluding units where GRAPI cannot be computed) 25.0 to 29.9 percent,GROSS RENT AS A PERCENTAGE OF HOUSEHOLD INCOME (GRAPI) Occupied units paying rent (excluding units where GRAPI cannot be computed) 30.0 to 34.9 percent,GROSS RENT AS A PERCENTAGE OF HOUSEHOLD INCOME (GRAPI) Occupied units paying rent (excluding units where GRAPI cannot be computed) 35.0 percent or more,GROSS RENT AS A PERCENTAGE OF HOUSEHOLD INCOME (GRAPI) Occupied units paying rent (excluding units where GRAPI cannot be computed) Not computed
0,78610,"13,749",96.6%,3.4%,(X),(X),"13,749",81.4%,0.0%,0.0%,0.2%,2.2%,5.1%,4.8%,6.3%,0.0%,"13,749",25.3%,19.8%,25.5%,10.6%,10.0%,3.1%,2.7%,1.0%,1.2%,0.6%,,"13,749",0.6%,4.0%,6.9%,13.7%,18.7%,16.2%,12.6%,14.0%,13.2%,(X),"13,749",0.6%,5.0%,11.6%,46.8%,29.8%,6.2%,,"13,284",77.8%,22.2%,(X),(X),"13,284",6.3%,36.5%,26.6%,19.6%,7.5%,3.4%,"13,284",1.9%,27.0%,46.2%,24.9%,,"13,284",40.3%,6.1%,53.3%,0.0%,0.0%,0.1%,0.2%,0.0%,0.0%,,"13,284",0.0%,0.3%,0.8%,"13,284",94.9%,3.7%,1.4%,"10,341",2.5%,3.3%,3.1%,7.7%,45.1%,28.7%,9.1%,0.5%,(X),"10,341",72.3%,27.7%,"7,480",0.4%,7.1%,14.9%,32.4%,26.0%,14.0%,5.1%,(X),"2,861",3.3%,8.9%,20.8%,15.9%,22.9%,28.1%,(X),"7,480",40.7%,16.9%,11.7%,10.4%,20.2%,(X),"2,824",47.6%,23.7%,9.9%,3.3%,2.2%,2.0%,11.4%,(X),"2,767",2.8%,11.9%,46.3%,34.4%,4.6%,0.0%,0.0%,(X),(X),"2,767",4.6%,8.8%,26.3%,15.3%,7.8%,37.3%,(X)
3,78612,"4,437",92.8%,7.2%,(X),(X),"4,437",52.1%,0.4%,0.7%,0.4%,0.0%,0.0%,0.0%,46.4%,0.0%,"4,437",4.1%,3.6%,33.8%,24.5%,22.3%,6.8%,3.7%,0.5%,0.4%,0.4%,,"4,437",3.0%,1.9%,3.3%,9.5%,20.8%,21.1%,15.8%,6.8%,17.9%,(X),"4,437",3.0%,4.5%,14.0%,53.3%,20.9%,4.4%,,"4,119",83.7%,16.3%,(X),(X),"4,119",3.6%,21.8%,27.0%,27.3%,12.4%,7.9%,"4,119",1.8%,19.9%,40.9%,37.4%,,"4,119",5.3%,13.4%,78.5%,0.4%,0.0%,1.7%,0.0%,0.0%,0.7%,,"4,119",0.0%,0.9%,4.6%,"4,119",94.5%,4.0%,1.5%,"3,446",4.5%,9.6%,21.0%,17.6%,25.5%,14.0%,6.1%,1.5%,(X),"3,446",61.0%,39.0%,"2,103",0.0%,9.7%,33.7%,34.5%,14.2%,2.8%,5.1%,(X),"1,343",7.5%,10.6%,36.4%,27.7%,13.9%,3.8%,(X),"2,034",38.6%,23.2%,11.8%,6.8%,19.7%,(X),"1,322",48.0%,17.1%,10.1%,1.5%,6.4%,5.8%,11.0%,(X),515,0.0%,24.3%,50.3%,25.4%,0.0%,0.0%,0.0%,(X),(X),515,18.3%,8.2%,14.0%,11.3%,17.7%,30.7%,(X)
6,78613,"28,722",95.9%,4.1%,(X),(X),"28,722",76.9%,1.7%,0.2%,2.0%,2.9%,5.8%,8.5%,1.8%,0.1%,"28,722",9.2%,11.4%,33.7%,27.9%,10.4%,4.3%,1.9%,0.5%,0.3%,0.4%,,"28,722",1.1%,3.0%,6.8%,11.9%,13.8%,16.3%,15.3%,12.9%,19.0%,(X),"28,722",1.1%,8.8%,11.2%,40.1%,31.9%,6.9%,,"27,558",71.5%,28.5%,(X),(X),"27,558",4.3%,35.4%,24.3%,24.2%,9.0%,2.7%,"27,558",2.0%,28.5%,48.4%,21.2%,,"27,558",54.5%,1.9%,43.1%,0.0%,0.0%,0.0%,0.1%,0.1%,0.2%,,"27,558",0.1%,0.7%,1.3%,"27,558",97.9%,1.5%,0.6%,"19,693",1.2%,0.6%,2.6%,7.3%,33.5%,42.9%,11.0%,0.9%,(X),"19,693",74.2%,25.8%,"14,615",0.0%,1.2%,12.4%,28.6%,24.2%,18.2%,15.4%,(X),"5,078",1.7%,6.5%,20.0%,20.6%,21.1%,30.1%,(X),"14,599",49.5%,19.8%,10.6%,5.8%,14.4%,(X),"5,023",51.3%,21.5%,7.8%,5.1%,5.2%,1.5%,7.6%,(X),"7,744",1.4%,8.1%,44.7%,30.5%,13.0%,1.1%,1.2%,(X),(X),"7,709",11.8%,15.1%,14.9%,15.2%,11.2%,31.8%,(X)
9,78615,415,90.6%,9.4%,(X),(X),415,70.8%,1.7%,0.0%,0.0%,0.0%,0.0%,0.0%,27.5%,0.0%,415,1.4%,3.6%,33.7%,16.1%,12.3%,8.4%,7.7%,3.6%,3.4%,9.6%,,415,1.4%,0.5%,0.2%,11.8%,18.1%,21.7%,16.4%,21.4%,8.4%,(X),415,1.4%,1.9%,10.8%,61.4%,20.7%,3.6%,,376,78.7%,21.3%,(X),(X),376,0.3%,21.5%,23.4%,31.4%,10.1%,13.3%,376,1.3%,14.9%,36.4%,47.3%,,376,0.0%,25.3%,71.3%,0.5%,0.0%,0.0%,0.0%,2.9%,0.0%,,376,0.0%,0.0%,2.1%,376,87.8%,12.2%,0.0%,296,0.7%,17.6%,14.5%,14.9%,17.9%,18.9%,13.2%,2.4%,(X),296,53.0%,47.0%,157,0.0%,1.3%,46.5%,19.7%,16.6%,15.9%,0.0%,(X),139,12.2%,26.6%,17.3%,14.4%,20.9%,8.6%,(X),156,65.4%,5.8%,3.8%,17.3%,7.7%,(X),139,43.2%,10.1%,21.6%,1.4%,1.4%,2.2%,20.1%,(X),78,2.6%,35.9%,48.7%,12.8%,0.0%,0.0%,0.0%,(X),(X),76,1.3%,17.1%,22.4%,13.2%,23.7%,22.4%,(X)
12,78617,"7,524",92.8%,7.2%,(X),(X),"7,524",65.6%,1.0%,0.9%,0.2%,0.2%,0.0%,0.0%,31.8%,0.3%,"7,524",10.7%,10.1%,29.4%,23.0%,12.5%,8.4%,1.5%,1.8%,0.9%,1.8%,,"7,524",1.6%,1.3%,3.8%,9.9%,29.7%,19.4%,17.4%,11.7%,5.3%,(X),"7,524",1.6%,2.1%,11.6%,58.8%,25.1%,0.9%,,"6,981",81.1%,18.9%,(X),(X),"6,981",3.2%,30.9%,24.7%,26.0%,11.0%,4.1%,"6,981",2.0%,19.1%,37.4%,41.5%,,"6,981",16.7%,8.0%,73.6%,0.4%,0.0%,0.0%,0.8%,0.1%,0.5%,,"6,981",0.0%,1.9%,1.5%,"6,981",92.4%,3.9%,3.7%,"5,665",10.5%,8.8%,16.1%,27.5%,27.4%,7.2%,1.8%,0.6%,(X),"5,665",57.4%,42.6%,"3,254",4.4%,6.9%,49.1%,31.0%,6.2%,1.7%,0.7%,(X),"2,411",8.4%,9.7%,32.8%,30.4%,11.1%,7.5%,(X),"3,204",45.0%,18.7%,7.2%,7.0%,22.1%,(X),"2,411",51.6%,21.6%,10.3%,5.6%,2.2%,2.6%,6.1%,(X),"1,129",5.0%,18.4%,33.4%,32.4%,7.3%,0.0%,3.5%,(X),(X),"1,032",13.5%,1.4%,6.3%,12.7%,6.4%,59.8%,(X)
15,78620,"6,791",94.5%,5.5%,(X),(X),"6,791",79.2%,1.5%,1.9%,1.8%,0.3%,0.6%,1.1%,13.6%,0.1%,"6,791",17.2%,8.8%,27.7%,24.6%,12.0%,6.3%,1.6%,0.4%,0.1%,1.3%,,"6,791",1.2%,1.4%,5.6%,6.3%,13.3%,15.7%,17.1%,12.1%,27.3%,(X),"6,791",1.3%,2.4%,9.6%,42.1%,35.4%,9.2%,,"6,416",85.9%,14.1%,(X),(X),"6,416",6.8%,27.1%,22.6%,25.8%,12.5%,5.2%,"6,416",0.7%,16.3%,49.5%,33.6%,,"6,416",9.4%,19.7%,69.2%,0.0%,0.0%,1.2%,0.0%,0.2%,0.5%,,"6,416",0.0%,1.1%,1.1%,"6,416",98.8%,0.6%,0.7%,"5,509",2.1%,1.9%,1.9%,3.2%,15.8%,37.8%,33.7%,3.6%,(X),"5,509",66.1%,33.9%,"3,640",0.1%,2.5%,12.7%,18.0%,16.3%,17.4%,33.0%,(X),"1,869",4.0%,11.7%,15.7%,17.2%,16.6%,34.9%,(X),"3,640",48.1%,13.6%,11.1%,6.8%,20.4%,(X),"1,837",37.6%,14.6%,6.9%,18.9%,2.7%,5.0%,14.3%,(X),900,4.4%,24.2%,34.7%,20.0%,14.7%,2.0%,0.0%,(X),(X),881,15.7%,9.6%,24.9%,5.4%,20.1%,24.3%,(X)
18,78621,"8,177",87.8%,12.2%,(X),(X),"8,177",67.9%,2.3%,2.5%,3.5%,0.8%,0.0%,0.4%,22.0%,0.6%,"8,177",4.6%,3.0%,25.8%,19.5%,16.6%,8.9%,6.7%,4.5%,1.8%,8.6%,,"8,177",2.1%,1.5%,3.5%,17.9%,22.6%,23.4%,10.8%,7.6%,10.7%,(X),"8,177",2.2%,4.4%,22.3%,51.0%,18.0%,2.1%,,"7,183",79.4%,20.6%,(X),(X),"7,183",2.2%,24.5%,19.0%,30.6%,15.1%,8.5%,"7,183",3.9%,23.5%,42.0%,30.6%,,"7,183",23.2%,7.6%,65.9%,0.0%,0.0%,2.3%,0.0%,0.3%,0.7%,,"7,183",1.2%,2.5%,2.1%,"7,183",94.3%,4.4%,1.3%,"5,704",7.0%,12.3%,16.6%,17.9%,22.4%,14.9%,7.8%,1.2%,(X),"5,704",59.5%,40.5%,"3,395",1.2%,20.0%,31.2%,28.5%,7.0%,3.8%,8.2%,(X),"2,309",9.7%,27.7%,26.9%,16.9%,8.9%,9.9%,(X),"3,388",41.4%,26.8%,8.1%,8.2%,15.4%,(X),"2,289",51.1%,19.0%,9.7%,5.2%,3.9%,2.1%,9.0%,(X),"1,415",10.3%,31.2%,48.2%,10.2%,0.0%,0.0%,0.0%,(X),(X),"1,415",29.8%,9.5%,5.4%,9.3%,5.8%,40.2%,(X)
21,78634,"12,016",95.4%,4.6%,(X),(X),"12,016",87.2%,1.8%,0.9%,0.4%,1.2%,1.8%,3.0%,3.6%,0.0%,"12,016",21.8%,9.8%,50.9%,7.9%,6.3%,1.9%,0.6%,0.6%,0.1%,0.2%,,"12,016",0.1%,0.1%,3.9%,9.0%,23.9%,21.4%,19.4%,13.9%,8.3%,(X),"12,016",0.1%,3.4%,7.6%,51.2%,32.6%,5.2%,,"11,461",79.2%,20.8%,(X),(X),"11,461",7.2%,41.6%,21.9%,22.9%,4.2%,2.3%,"11,461",0.1%,18.6%,52.0%,29.2%,,"11,461",34.9%,4.5%,58.7%,0.2%,0.0%,0.0%,0.2%,0.0%,1.6%,,"11,461",0.9%,1.0%,3.1%,"11,461",97.6%,1.3%,1.0%,"9,072",2.5%,0.4%,7.2%,25.3%,45.2%,15.8%,2.4%,1.3%,(X),"9,072",82.8%,17.2%,"7,512",0.0%,3.0%,26.4%,38.2%,18.7%,8.2%,5.6%,(X),"1,560",3.5%,15.9%,26.0%,29.9%,17.9%,6.7%,(X),"7,454",34.9%,19.7%,16.1%,6.9%,22.3%,(X),"1,560",54.8%,19.0%,9.9%,4.7%,3.5%,1.9%,6.3%,(X),"2,335",0.8%,8.2%,36.4%,26.0%,19.0%,9.2%,0.5%,(X),(X),"2,335",13.5%,16.2%,10.7%,13.0%,10.9%,35.7%,(X)
24,78641,"25,436",95.8%,4.2%,(X),(X),"25,436",86.7%,0.8%,0.3%,0.3%,1.3%,1.1%,4.6%,4.8%,0.0%,"25,436",25.5%,11.7%,32.7%,15.5%,8.6%,3.6%,0.7%,0.7%,0.3%,0.7%,,"25,436",0.7%,1.7%,3.1%,6.4%,17.1%,22.9%,16.6%,13.4%,18.0%,(X),"25,436",0.8%,3.6%,7.6%,48.2%,34.8%,5.1%,,"24,371",79.2%,20.8%,(X),(X),"24,371",8.5%,37.1%,24.1%,22.0%,5.4%,3.0%,"24,371",1.7%,19.1%,53.3%,26.0%,,"24,371",46.8%,6.2%,46.0%,0.0%,0.0%,0.2%,0.1%,0.4%,0.2%,,"24,371",0.1%,0.4%,0.4%,"24,371",98.3%,1.4%,0.3%,"19,304",1.0%,1.9%,5.4%,13.1%,34.5%,29.2%,13.5%,1.4%,(X),"19,304",76.6%,23.4%,"14,784",0.1%,3.0%,16.8%,29.5%,20.4%,9.5%,20.7%,(X),"4,520",1.9%,6.3%,24.9%,21.0%,16.7%,29.1%,(X),"14,760",46.1%,19.2%,9.9%,7.3%,17.5%,(X),"4,520",38.8%,26.3%,15.5%,6.3%,3.3%,1.8%,8.0%,(X),"4,989",0.3%,14.7%,32.3%,35.2%,14.7%,2.7%,0.2%,(X),(X),"4,902",10.7%,18.7%,19.9%,10.6%,9.6%,30.6%,(X)
27,78645,"5,887",82.4%,17.6%,(X),(X),"5,887",71.0%,8.9%,5.3%,2.0%,3.4%,0.6%,1.4%,7.3%,0.1%,"5,887",7.7%,3.4%,35.2%,20.3%,15.6%,14.6%,1.7%,1.1%,0.2%,0.1%,,"5,887",2.1%,4.3%,4.8%,11.8%,14.9%,25.3%,14.6%,11.1%,11.1%,(X),"5,887",2.1%,7.6%,11.6%,57.1%,19.9%,1.7%,,"4,851",84.6%,15.4%,(X),(X),"4,851",7.0%,24.6%,18.2%,33.7%,10.0%,6.5%,"4,851",2.9%,25.0%,48.2%,23.9%,,"4,851",5.2%,11.2%,82.8%,0.0%,0.1%,0.5%,0.0%,0.2%,0.0%,,"4,851",0.3%,3.3%,0.8%,"4,851",98.7%,1.1%,0.2%,"4,105",2.3%,6.4%,6.3%,12.5%,24.0%,32.1%,12.0%,4.3%,(X),"4,105",60.7%,39.3%,"2,490",0.0%,5.7%,23.9%,26.9%,13.7%,15.8%,14.1%,(X),"1,615",3.0%,12.4%,22.1%,20.7%,25.1%,16.7%,(X),"2,484",48.1%,15.8%,10.2%,7.3%,18.6%,(X),"1,613",39.1%,21.4%,19.7%,8.7%,4.3%,1.2%,5.6%,(X),700,18.3%,19.4%,26.3%,29.3%,6.7%,0.0%,0.0%,(X),(X),700,4.4%,15.6%,6.6%,9.0%,3.6%,60.9%,(X)
30,78652,"2,453",90.1%,9.9%,(X),(X),"2,453",72.1%,0.4%,0.8%,1.7%,4.3%,7.2%,10.2%,3.3%,0.0%,"2,453",24.9%,11.2%,17.3%,10.0%,16.7%,18.0%,0.7%,0.8%,0.0%,0.5%,,"2,453",3.8%,13.7%,8.1%,7.5%,17.4%,16.2%,13.6%,8.5%,11.2%,(X),"2,453",3.8%,18.1%,8.2%,42.8%,22.7%,4.4%,,"2,210",65.6%,34.4%,(X),(X),"2,210",4.2%,40.5%,15.8%,23.7%,8.1%,7.8%,"2,210",2.5%,21.1%,46.8%,29.6%,,"2,210",9.0%,4.2%,85.5%,0.0%,0.0%,0.0%,1.3%,0.0%,0.0%,,"2,210",0.0%,0.0%,0.0%,"2,210",95.0%,1.5%,3.4%,"1,450",0.0%,0.0%,6.0%,13.0%,24.4%,44.8%,11.0%,0.8%,(X),"1,450",68.6%,31.4%,995,0.0%,2.9%,8.4%,31.0%,37.5%,7.0%,13.2%,(X),455,10.8%,13.6%,27.0%,39.6%,2.6%,6.4%,(X),995,44.1%,18.9%,10.4%,6.4%,20.2%,(X),443,56.7%,24.2%,3.4%,2.5%,0.0%,10.2%,3.2%,(X),744,0.0%,3.5%,52.4%,32.1%,8.2%,0.0%,3.8%,(X),(X),723,1.9%,15.6%,19.6%,18.3%,14.7%,29.9%,(X)
33,78653,"9,685",92.7%,7.3%,(X),(X),"9,685",86.4%,1.1%,0.5%,0.0%,1.2%,0.4%,3.2%,7.2%,0.0%,"9,685",24.6%,10.3%,41.7%,9.7%,5.4%,5.5%,0.6%,0.5%,0.7%,1.0%,,"9,685",2.1%,0.7%,3.3%,9.9%,29.5%,24.0%,17.0%,7.6%,6.0%,(X),"9,685",2.2%,4.0%,7.5%,56.3%,26.6%,3.4%,,"8,981",84.2%,15.8%,(X),(X),"8,981",14.9%,38.6%,19.3%,21.7%,2.9%,2.6%,"8,981",1.5%,23.4%,49.5%,25.6%,,"8,981",24.3%,3.6%,70.7%,0.0%,0.0%,0.1%,0.5%,0.7%,0.0%,,"8,981",0.6%,0.9%,1.4%,"8,981",94.2%,3.5%,2.3%,"7,565",7.4%,1.3%,6.0%,22.0%,50.1%,11.7%,0.7%,0.8%,(X),"7,565",82.9%,17.1%,"6,268",1.6%,5.5%,27.2%,43.3%,17.4%,3.2%,1.8%,(X),"1,297",6.3%,14.3%,28.1%,23.6%,23.0%,4.6%,(X),"6,232",31.4%,29.5%,10.2%,10.4%,18.5%,(X),"1,282",42.4%,29.5%,8.2%,6.6%,3.0%,3.3%,7.0%,(X),"1,373",0.4%,15.7%,33.9%,44.8%,5.3%,0.0%,0.0%,(X),(X),"1,346",7.2%,20.2%,9.6%,18.7%,0.7%,43.6%,(X)
36,78654,"9,741",73.6%,26.4%,(X),(X),"9,741",70.8%,2.1%,2.5%,5.1%,3.9%,1.8%,2.4%,11.4%,0.0%,"9,741",5.1%,4.4%,29.0%,15.9%,13.5%,19.8%,9.4%,1.7%,0.4%,0.8%,,"9,741",5.4%,1.1%,5.0%,15.9%,23.1%,21.2%,12.7%,8.2%,7.3%,(X),"9,741",5.4%,5.2%,21.7%,53.1%,12.5%,2.1%,,"7,174",72.7%,27.3%,(X),(X),"7,174",3.1%,27.3%,20.8%,28.5%,11.3%,8.9%,"7,174",3.6%,31.9%,41.9%,22.6%,,"7,174",8.3%,5.5%,85.6%,0.0%,0.0%,0.5%,0.0%,0.0%,0.0%,,"7,174",0.2%,1.8%,1.9%,"7,174",95.8%,2.5%,1.6%,"5,216",7.0%,10.0%,11.1%,15.6%,21.5%,18.3%,12.3%,4.3%,(X),"5,216",46.6%,53.4%,"2,432",2.8%,18.5%,26.6%,24.5%,8.8%,9.5%,9.3%,(X),"2,784",7.9%,21.0%,24.7%,18.0%,12.4%,15.8%,(X),"2,432",36.6%,13.8%,12.0%,13.4%,24.1%,(X),"2,782",33.4%,29.4%,13.2%,10.9%,1.5%,1.5%,10.2%,(X),"1,860",8.5%,39.7%,40.9%,5.1%,3.8%,0.0%,1.9%,(X),(X),"1,843",15.5%,6.6%,8.4%,15.5%,25.8%,28.3%,(X)
39,78660,"35,385",96.0%,4.0%,(X),(X),"35,385",74.9%,2.5%,0.5%,2.8%,2.5%,6.1%,7.0%,3.6%,0.0%,"35,385",20.1%,12.9%,32.0%,20.3%,11.0%,2.1%,0.4%,0.5%,0.3%,0.3%,,"35,385",1.5%,3.1%,6.6%,11.6%,20.7%,18.6%,13.5%,10.8%,13.7%,(X),"35,385",1.8%,9.4%,11.1%,41.9%,29.1%,6.7%,,"33,953",74.4%,25.6%,(X),(X),"33,953",6.4%,34.0%,26.9%,22.4%,7.9%,2.3%,"33,953",3.5%,27.7%,44.3%,24.5%,,"33,953",54.9%,0.7%,43.8%,0.0%,0.0%,0.1%,0.2%,0.0%,0.2%,,"33,953",0.1%,0.7%,1.8%,"33,953",96.3%,3.0%,0.6%,"25,252",4.3%,1.0%,4.7%,11.9%,46.7%,29.9%,1.1%,0.3%,(X),"25,252",77.2%,22.8%,"19,506",0.0%,3.4%,21.6%,34.6%,24.5%,12.4%,3.6%,(X),"5,746",4.9%,4.2%,24.7%,21.8%,30.8%,13.7%,(X),"19,346",47.5%,15.7%,11.7%,8.4%,16.7%,(X),"5,746",48.3%,21.5%,13.7%,5.0%,1.8%,3.2%,6.4%,(X),"8,489",1.5%,5.3%,52.2%,31.5%,7.2%,2.3%,0.0%,(X),(X),"8,442",9.1%,18.8%,19.7%,11.2%,8.6%,32.6%,(X)
42,78663,399,76.2%,23.8%,(X),(X),399,85.0%,0.0%,0.0%,0.0%,0.0%,0.0%,0.0%,14.5%,0.5%,399,6.3%,0.0%,34.3%,15.3%,19.8%,16.3%,0.0%,1.3%,3.3%,3.5%,,399,9.8%,0.3%,9.3%,12.0%,6.3%,20.6%,24.1%,7.0%,10.8%,(X),399,9.8%,4.5%,12.3%,57.4%,6.3%,9.8%,,304,81.9%,18.1%,(X),(X),304,1.0%,17.1%,24.7%,39.1%,4.6%,13.5%,304,0.0%,13.2%,54.3%,32.6%,,304,12.5%,29.9%,54.9%,0.0%,0.0%,2.6%,0.0%,0.0%,0.0%,,304,0.0%,0.7%,4.3%,304,98.7%,1.0%,0.3%,249,2.8%,1.6%,34.9%,15.3%,4.8%,8.8%,12.9%,18.9%,(X),249,46.2%,53.8%,115,1.7%,0.0%,4.3%,66.1%,6.1%,8.7%,13.0%,(X),134,3.7%,3.7%,38.8%,31.3%,22.4%,0.0%,(X),115,41.7%,0.0%,56.5%,0.0%,1.7%,(X),134,41.8%,23.1%,24.6%,0.0%,0.0%,7.5%,3.0%,(X),28,53.6%,35.7%,0.0%,10.7%,0.0%,0.0%,0.0%,(X),(X),27,55.6%,22.2%,0.0%,0.0%,11.1%,11.1%,(X)
45,78664,"22,666",92.8%,7.2%,(X),(X),"22,666",62.5%,4.8%,2.9%,5.0%,3.9%,11.1%,9.5%,0.3%,0.0%,"22,666",7.7%,4.0%,26.9%,26.0%,23.0%,9.4%,0.8%,1.0%,0.6%,0.7%,,"22,666",1.2%,2.3%,11.6%,17.0%,20.5%,18.6%,11.9%,7.7%,9.2%,(X),"22,666",1.3%,13.6%,21.3%,42.0%,18.9%,2.9%,,"21,034",54.4%,45.6%,(X),(X),"21,034",8.3%,36.9%,19.7%,22.6%,8.7%,3.7%,"21,034",2.3%,33.4%,42.0%,22.3%,,"21,034",48.6%,0.3%,50.3%,0.0%,0.0%,0.0%,0.0%,0.0%,0.8%,,"21,034",0.0%,0.0%,1.4%,"21,034",95.3%,3.5%,1.2%,"11,435",1.7%,1.6%,11.3%,18.0%,41.5%,22.2%,3.6%,0.2%,(X),"11,435",79.2%,20.8%,"9,061",0.0%,3.5%,30.1%,38.4%,13.3%,6.8%,7.9%,(X),"2,374",1.2%,5.9%,32.9%,31.1%,15.9%,13.0%,(X),"9,035",47.4%,21.4%,9.3%,6.2%,15.8%,(X),"2,360",41.8%,27.0%,14.3%,3.6%,4.4%,1.6%,7.3%,(X),"9,525",0.5%,11.9%,59.1%,22.7%,3.8%,1.6%,0.5%,(X),(X),"9,375",10.4%,16.4%,14.5%,13.8%,8.0%,36.9%,(X)
48,78669,"6,771",76.6%,23.4%,(X),(X),"6,771",91.6%,0.4%,0.0%,0.0%,0.1%,0.6%,0.4%,6.7%,0.2%,"6,771",24.1%,9.3%,29.4%,17.0%,10.5%,5.6%,1.0%,1.5%,0.3%,1.3%,,"6,771",1.3%,0.5%,3.1%,9.1%,12.5%,20.6%,13.9%,13.4%,25.4%,(X),"6,771",1.3%,1.8%,9.2%,47.5%,27.8%,12.5%,,"5,185",91.9%,8.1%,(X),(X),"5,185",2.1%,38.6%,23.6%,24.6%,6.7%,4.4%,"5,185",0.4%,14.7%,58.4%,26.5%,,"5,185",21.4%,16.5%,60.1%,0.0%,0.0%,1.0%,0.1%,0.4%,0.5%,,"5,185",0.4%,0.0%,1.2%,"5,185",99.0%,0.7%,0.3%,"4,763",0.8%,1.2%,2.2%,5.5%,11.6%,41.0%,28.7%,9.1%,(X),"4,763",73.4%,26.6%,"3,495",0.0%,1.0%,8.7%,19.8%,13.0%,16.2%,41.4%,(X),"1,268",3.8%,5.4%,25.9%,14.2%,11.4%,39.4%,(X),"3,491",46.5%,16.8%,7.2%,6.8%,22.6%,(X),"1,268",45.3%,22.0%,13.1%,7.6%,0.3%,4.0%,7.7%,(X),384,3.4%,56.5%,10.9%,10.4%,8.6%,10.2%,0.0%,(X),(X),384,16.7%,17.7%,10.4%,14.1%,4.4%,36.7%,(X)
51,78701,"8,663",84.1%,15.9%,(X),(X),"8,663",1.0%,0.3%,0.4%,3.5%,0.1%,3.4%,91.4%,0.0%,0.0%,"8,663",22.8%,13.7%,34.6%,4.9%,6.0%,2.2%,6.9%,0.6%,2.1%,6.3%,,"8,663",8.7%,29.8%,33.4%,13.3%,7.2%,4.4%,2.6%,0.3%,0.2%,(X),"8,663",9.1%,54.0%,30.1%,5.3%,1.5%,0.0%,,"7,287",37.7%,62.3%,(X),(X),"7,287",9.2%,58.7%,18.5%,11.3%,2.2%,0.1%,"7,287",13.2%,56.0%,28.6%,2.2%,,"7,287",15.6%,0.2%,81.8%,0.1%,0.0%,0.0%,0.0%,0.2%,2.1%,,"7,287",0.0%,0.1%,1.4%,"7,287",95.8%,1.0%,3.2%,"2,748",1.3%,0.0%,0.4%,2.1%,3.5%,42.9%,25.1%,24.5%,(X),"2,748",62.6%,37.4%,"1,719",0.0%,0.3%,1.0%,5.1%,10.4%,18.4%,64.9%,(X),"1,029",0.0%,0.0%,1.1%,7.0%,3.6%,88.3%,(X),"1,659",46.8%,14.0%,15.7%,1.1%,22.2%,(X),"1,021",39.4%,15.1%,2.0%,0.0%,31.6%,2.2%,9.8%,(X),"4,501",3.6%,6.2%,11.5%,17.4%,25.6%,20.6%,15.1%,(X),(X),"4,412",16.0%,21.9%,14.1%,10.8%,5.4%,31.8%,(X)
54,78702,"11,769",89.3%,10.7%,(X),(X),"11,769",54.1%,2.7%,3.0%,5.6%,3.1%,2.9%,25.8%,2.8%,0.0%,"11,769",16.1%,6.3%,16.9%,5.2%,4.7%,8.5%,6.2%,6.4%,10.6%,19.1%,,"11,769",7.3%,9.4%,18.0%,22.6%,20.1%,11.0%,5.1%,2.8%,3.6%,(X),"11,769",7.8%,21.3%,36.0%,26.2%,7.0%,1.8%,,"10,513",40.5%,59.5%,(X),(X),"10,513",9.9%,40.0%,21.6%,13.8%,6.7%,8.0%,"10,513",18.9%,40.2%,28.2%,12.6%,,"10,513",50.0%,2.5%,46.1%,0.3%,0.0%,0.0%,0.2%,0.5%,0.4%,,"10,513",0.2%,0.1%,2.3%,"10,513",95.7%,2.6%,1.7%,"4,262",4.1%,1.4%,1.1%,4.1%,6.3%,44.5%,33.8%,4.7%,(X),"4,262",61.0%,39.0%,"2,598",0.6%,3.7%,13.8%,17.1%,19.5%,13.7%,31.7%,(X),"1,664",6.7%,12.1%,13.1%,23.6%,14.9%,29.6%,(X),"2,589",36.8%,20.0%,15.4%,7.3%,20.5%,(X),"1,664",25.4%,16.6%,13.7%,2.6%,9.6%,4.0%,28.1%,(X),"6,132",21.8%,15.3%,17.9%,18.4%,19.9%,4.9%,2.0%,(X),(X),"5,983",19.7%,15.3%,10.0%,12.1%,8.9%,34.1%,(X)
57,78703,"10,728",88.3%,11.7%,(X),(X),"10,728",51.7%,5.4%,5.8%,4.6%,7.5%,9.4%,15.4%,0.1%,0.2%,"10,728",3.3%,4.3%,12.6%,7.4%,10.2%,10.1%,7.5%,11.5%,16.3%,16.9%,,"10,728",4.0%,10.5%,12.2%,16.4%,14.5%,10.6%,9.8%,8.3%,13.8%,(X),"10,728",4.1%,19.4%,32.4%,23.8%,15.2%,5.1%,,"9,478",56.4%,43.6%,(X),(X),"9,478",4.8%,40.2%,21.1%,16.1%,9.6%,8.3%,"9,478",2.8%,42.3%,39.8%,15.0%,,"9,478",54.3%,0.7%,44.4%,0.0%,0.0%,0.0%,0.1%,0.2%,0.4%,,"9,478",0.2%,0.3%,1.1%,"9,478",99.0%,0.9%,0.1%,"5,343",0.4%,1.3%,0.7%,0.8%,3.5%,8.4%,36.3%,48.6%,(X),"5,343",64.0%,36.0%,"3,420",0.0%,1.7%,1.7%,7.9%,4.6%,11.1%,73.0%,(X),"1,923",0.5%,1.1%,1.0%,4.7%,9.2%,83.5%,(X),"3,420",38.8%,12.9%,8.1%,7.2%,33.0%,(X),"1,923",35.4%,16.8%,18.7%,2.7%,6.5%,1.4%,18.6%,(X),"4,006",1.1%,26.0%,19.2%,22.1%,16.3%,5.7%,9.6%,(X),(X),"3,871",15.2%,11.6%,15.6%,14.2%,7.8%,35.8%,(X)
60,78704,"28,993",91.3%,8.7%,(X),(X),"28,993",31.4%,9.3%,3.9%,6.7%,5.9%,11.9%,30.5%,0.4%,0.0%,"28,993",13.2%,8.8%,10.5%,8.1%,14.5%,17.2%,11.6%,6.8%,3.4%,5.9%,,"28,993",8.5%,17.8%,23.7%,20.1%,11.0%,8.0%,4.6%,3.1%,3.3%,(X),"28,993",8.9%,31.1%,34.9%,19.0%,5.5%,0.4%,,"26,471",33.1%,66.9%,(X),(X),"26,471",12.0%,46.2%,20.8%,11.8%,4.4%,4.8%,"26,471",9.3%,47.5%,34.6%,8.6%,,"26,471",30.6%,1.3%,66.9%,0.0%,0.2%,0.0%,0.1%,0.5%,0.4%,,"26,471",0.3%,0.3%,1.8%,"26,471",97.7%,1.6%,0.7%,"8,758",0.6%,0.8%,1.1%,0.8%,9.0%,26.1%,45.6%,16.0%,(X),"8,758",66.5%,33.5%,"5,827",0.4%,1.3%,8.7%,12.2%,15.4%,15.3%,46.7%,(X),"2,931",1.7%,2.0%,6.8%,11.6%,17.7%,60.3%,(X),"5,759",47.5%,9.8%,12.9%,6.9%,23.0%,(X),"2,895",32.1%,23.1%,12.0%,9.3%,2.0%,3.6%,18.0%,(X),"17,355",5.7%,10.3%,35.9%,26.8%,13.4%,4.6%,3.3%,(X),(X),"16,847",13.9%,16.4%,13.8%,12.4%,9.5%,34.0%,(X)
63,78705,"10,506",80.8%,19.2%,(X),(X),"10,506",14.8%,2.5%,3.9%,3.8%,5.8%,13.2%,56.0%,0.0%,0.0%,"10,506",10.2%,10.3%,14.4%,12.9%,11.6%,11.9%,8.2%,4.7%,3.1%,12.6%,,"10,506",11.8%,14.2%,28.2%,19.9%,11.5%,5.1%,2.6%,3.6%,3.2%,(X),"10,506",13.3%,32.0%,33.0%,12.4%,8.6%,0.8%,,"8,492",9.0%,91.0%,(X),(X),"8,492",15.0%,63.9%,14.1%,2.9%,0.7%,3.3%,"8,492",16.1%,45.8%,27.2%,10.9%,,"8,492",26.9%,0.8%,70.0%,0.0%,0.0%,0.0%,0.0%,0.1%,2.2%,,"8,492",0.0%,1.6%,2.0%,"8,492",94.6%,3.0%,2.4%,764,1.3%,4.2%,7.5%,5.4%,16.1%,28.3%,37.3%,0.0%,(X),764,32.5%,67.5%,248,0.0%,0.0%,10.1%,14.5%,23.0%,29.4%,23.0%,(X),516,7.8%,3.1%,3.5%,28.5%,11.2%,45.9%,(X),248,31.5%,8.1%,0.0%,23.8%,36.7%,(X),491,23.8%,40.1%,0.0%,7.7%,2.9%,3.3%,22.2%,(X),"7,474",0.5%,17.5%,39.1%,26.2%,9.2%,3.4%,4.1%,(X),(X),"6,883",7.2%,6.7%,8.7%,6.0%,5.4%,66.0%,(X)
66,78712,0,-,-,(X),(X),0,-,-,-,-,-,-,-,-,-,0,-,-,-,-,-,-,-,-,-,-,,0,-,-,-,-,-,-,-,-,-,(X),0,-,-,-,-,-,-,,0,-,-,(X),(X),0,-,-,-,-,-,-,0,-,-,-,-,,0,-,-,-,-,-,-,-,-,-,,0,-,-,-,0,-,-,-,0,-,-,-,-,-,-,-,-,(X),0,-,-,0,-,-,-,-,-,-,-,(X),0,-,-,-,-,-,-,(X),0,-,-,-,-,-,(X),0,-,-,-,-,-,-,-,(X),0,-,-,-,-,-,-,-,(X),(X),0,-,-,-,-,-,-,(X)
69,78719,465,87.1%,12.9%,(X),(X),465,54.6%,0.0%,3.4%,0.0%,1.5%,0.0%,0.0%,40.4%,0.0%,465,1.7%,1.5%,15.7%,18.7%,28.6%,13.5%,6.7%,12.7%,0.0%,0.9%,,465,1.9%,1.5%,3.0%,17.2%,30.1%,19.8%,6.0%,15.7%,4.7%,(X),465,1.9%,1.5%,12.3%,60.2%,20.9%,3.2%,,405,78.8%,21.2%,(X),(X),405,3.2%,5.4%,20.2%,25.7%,36.5%,8.9%,405,6.4%,17.5%,43.7%,32.3%,,405,13.3%,29.6%,55.6%,0.0%,0.0%,0.0%,0.0%,1.5%,0.0%,,405,0.0%,0.0%,0.0%,405,89.6%,9.4%,1.0%,319,4.4%,31.3%,13.2%,19.1%,29.5%,1.3%,1.3%,0.0%,(X),319,43.3%,56.7%,138,0.0%,18.8%,65.9%,15.2%,0.0%,0.0%,0.0%,(X),181,0.0%,13.3%,53.6%,6.1%,10.5%,16.6%,(X),138,51.4%,18.1%,21.7%,0.0%,8.7%,(X),181,23.8%,18.2%,24.3%,19.9%,0.0%,0.0%,13.8%,(X),73,13.7%,39.7%,46.6%,0.0%,0.0%,0.0%,0.0%,(X),(X),73,13.7%,9.6%,12.3%,17.8%,21.9%,24.7%,(X)
72,78721,"4,373",92.1%,7.9%,(X),(X),"4,373",69.9%,6.2%,4.6%,5.2%,4.7%,0.4%,8.6%,0.5%,0.0%,"4,373",9.9%,6.9%,13.1%,9.5%,10.6%,11.2%,17.4%,12.4%,2.9%,6.1%,,"4,373",2.1%,2.4%,10.4%,27.4%,28.7%,17.0%,5.5%,4.5%,1.9%,(X),"4,373",2.4%,8.3%,27.8%,51.0%,10.4%,0.2%,,"4,027",52.6%,47.4%,(X),(X),"4,027",7.0%,32.7%,23.5%,19.6%,3.4%,13.8%,"4,027",10.5%,41.3%,30.3%,17.8%,,"4,027",56.8%,1.3%,40.7%,0.4%,0.0%,0.0%,0.4%,0.0%,0.4%,,"4,027",0.0%,0.0%,1.2%,"4,027",96.7%,1.2%,2.1%,"2,119",1.6%,1.0%,2.6%,4.0%,33.8%,49.6%,7.2%,0.2%,(X),"2,119",63.0%,37.0%,"1,335",0.0%,7.2%,35.4%,21.3%,12.1%,16.5%,7.6%,(X),784,1.7%,15.3%,36.0%,24.2%,14.8%,8.0%,(X),"1,335",27.6%,23.0%,12.5%,6.1%,30.9%,(X),769,36.5%,18.9%,25.2%,4.4%,2.5%,2.0%,10.5%,(X),"1,860",10.3%,18.6%,31.2%,25.7%,8.3%,4.2%,1.6%,(X),(X),"1,782",16.7%,13.4%,14.0%,7.4%,8.5%,40.1%,(X)
75,78722,"3,457",91.0%,9.0%,(X),(X),"3,457",62.1%,4.1%,7.5%,2.2%,1.0%,3.7%,19.1%,0.3%,0.0%,"3,457",7.4%,5.7%,3.4%,4.8%,5.1%,4.0%,10.1%,16.1%,34.5%,8.9%,,"3,457",6.4%,7.7%,18.4%,23.2%,17.4%,10.7%,8.0%,5.5%,2.7%,(X),"3,457",9.2%,19.2%,36.9%,29.9%,4.7%,0.0%,,"3,145",46.3%,53.7%,(X),(X),"3,145",4.9%,36.6%,21.3%,19.6%,10.6%,7.0%,"3,145",7.2%,49.0%,30.2%,13.6%,,"3,145",59.5%,2.0%,37.1%,0.0%,0.0%,0.0%,1.0%,0.4%,0.0%,,"3,145",0.0%,0.0%,0.5%,"3,145",97.9%,0.7%,1.4%,"1,456",0.8%,0.0%,0.0%,2.3%,2.3%,62.0%,30.8%,1.7%,(X),"1,456",64.5%,35.5%,939,0.0%,0.3%,11.6%,24.1%,13.8%,30.6%,19.6%,(X),517,0.0%,5.4%,21.5%,13.0%,24.0%,36.2%,(X),939,39.3%,16.4%,10.2%,11.4%,22.7%,(X),499,29.7%,27.5%,5.2%,12.0%,7.0%,4.4%,14.2%,(X),"1,658",0.8%,16.6%,35.0%,23.2%,12.4%,8.1%,3.8%,(X),(X),"1,620",9.2%,6.3%,21.5%,17.3%,6.0%,39.6%,(X)
78,78723,"15,545",91.3%,8.7%,(X),(X),"15,545",51.5%,6.8%,3.9%,1.8%,4.5%,6.2%,25.2%,0.2%,0.0%,"15,545",11.8%,5.9%,12.5%,4.7%,9.9%,14.9%,23.4%,14.2%,1.4%,1.3%,,"15,545",3.2%,8.3%,15.8%,19.6%,17.5%,16.7%,8.0%,6.8%,4.0%,(X),"15,545",3.3%,19.9%,24.6%,36.7%,13.0%,2.5%,,"14,192",48.2%,51.8%,(X),(X),"14,192",7.5%,37.0%,24.5%,16.7%,6.1%,8.2%,"14,192",8.3%,35.5%,41.5%,14.7%,,"14,192",47.9%,0.9%,50.1%,0.2%,0.0%,0.0%,0.3%,0.1%,0.5%,,"14,192",0.3%,0.5%,0.9%,"14,192",94.9%,2.5%,2.7%,"6,835",0.7%,1.7%,2.8%,3.0%,18.9%,52.2%,20.2%,0.6%,(X),"6,835",69.2%,30.8%,"4,732",0.5%,1.5%,16.5%,25.1%,19.6%,17.1%,19.6%,(X),"2,103",1.7%,7.0%,22.4%,25.1%,19.3%,24.6%,(X),"4,732",46.4%,16.4%,11.0%,10.0%,16.2%,(X),"2,100",38.7%,23.9%,7.5%,7.2%,5.0%,6.7%,11.0%,(X),"7,222",6.3%,22.7%,39.4%,19.5%,7.0%,2.8%,2.3%,(X),(X),"7,128",11.6%,10.5%,14.0%,11.0%,8.9%,44.0%,(X)
81,78724,"6,934",95.5%,4.5%,(X),(X),"6,934",54.7%,2.4%,2.2%,2.8%,0.6%,8.1%,2.4%,26.2%,0.6%,"6,934",11.8%,6.8%,28.7%,15.2%,16.0%,16.2%,3.5%,1.2%,0.0%,0.6%,,"6,934",1.5%,0.3%,5.2%,17.5%,39.4%,23.4%,8.4%,2.8%,1.4%,(X),"6,934",1.5%,3.0%,21.8%,55.4%,17.9%,0.4%,,"6,619",63.2%,36.8%,(X),(X),"6,619",2.9%,29.3%,25.7%,22.9%,9.6%,9.6%,"6,619",3.4%,24.1%,37.2%,35.3%,,"6,619",36.3%,3.9%,59.5%,0.0%,0.0%,0.0%,0.0%,0.0%,0.3%,,"6,619",0.8%,0.8%,2.5%,"6,619",88.3%,7.8%,3.9%,"4,180",24.0%,13.3%,12.5%,19.1%,21.2%,8.6%,1.0%,0.2%,(X),"4,180",52.0%,48.0%,"2,172",0.4%,14.1%,52.5%,23.0%,6.4%,3.3%,0.3%,(X),"2,008",9.9%,22.4%,20.2%,17.2%,22.3%,8.0%,(X),"2,172",35.2%,20.7%,12.8%,14.1%,17.1%,(X),"1,957",44.6%,25.4%,5.9%,6.4%,6.5%,1.6%,9.6%,(X),"2,357",0.9%,17.7%,55.5%,24.1%,1.8%,0.0%,0.0%,(X),(X),"2,333",8.4%,5.7%,13.0%,4.9%,9.0%,59.0%,(X)
84,78725,"3,128",97.1%,2.9%,(X),(X),"3,128",95.6%,0.0%,0.0%,0.6%,0.0%,0.0%,0.0%,3.8%,0.0%,"3,128",25.2%,10.9%,26.9%,6.0%,10.8%,13.1%,2.5%,2.1%,2.1%,0.5%,,"3,128",0.0%,0.4%,2.5%,14.3%,24.3%,38.2%,13.3%,4.4%,2.7%,(X),"3,128",0.0%,3.3%,8.5%,72.3%,14.9%,0.9%,,"3,038",85.0%,15.0%,(X),(X),"3,038",6.2%,40.2%,16.2%,25.1%,2.3%,10.0%,"3,038",0.0%,26.8%,43.8%,29.4%,,"3,038",57.5%,6.8%,35.5%,0.0%,0.0%,0.3%,0.0%,0.0%,0.0%,,"3,038",0.0%,0.0%,3.0%,"3,038",96.1%,3.6%,0.3%,"2,583",5.9%,4.8%,13.4%,30.1%,27.4%,17.8%,0.6%,0.0%,(X),"2,583",69.9%,30.1%,"1,806",0.7%,11.1%,43.6%,28.2%,8.0%,7.3%,1.2%,(X),777,5.0%,20.5%,33.3%,12.7%,27.3%,1.2%,(X),"1,806",39.1%,16.0%,11.2%,6.4%,27.2%,(X),777,66.0%,12.1%,9.9%,4.4%,5.8%,0.0%,1.8%,(X),412,0.0%,20.4%,24.0%,54.1%,0.0%,1.5%,0.0%,(X),(X),412,0.0%,12.6%,11.9%,6.6%,8.3%,60.7%,(X)
87,78726,"6,083",92.1%,7.9%,(X),(X),"6,083",43.8%,0.8%,0.0%,2.0%,5.1%,19.4%,28.4%,0.6%,0.0%,"6,083",5.2%,5.3%,45.2%,37.3%,6.5%,0.5%,0.0%,0.0%,0.0%,0.0%,,"6,083",1.8%,3.8%,20.0%,24.1%,5.5%,5.5%,8.5%,7.8%,23.0%,(X),"6,083",1.8%,22.9%,26.9%,17.2%,24.6%,6.6%,,"5,604",44.2%,55.8%,(X),(X),"5,604",8.1%,39.2%,18.2%,23.4%,7.7%,3.4%,"5,604",1.0%,32.7%,46.8%,19.5%,,"5,604",52.6%,2.7%,44.8%,0.0%,0.0%,0.0%,0.0%,0.0%,0.0%,,"5,604",0.0%,4.3%,0.4%,"5,604",98.9%,0.9%,0.3%,"2,476",0.7%,0.0%,0.0%,0.0%,9.1%,50.8%,39.4%,0.0%,(X),"2,476",75.8%,24.2%,"1,878",0.0%,0.0%,2.7%,5.1%,15.0%,17.6%,59.5%,(X),598,0.0%,0.0%,0.0%,37.3%,25.1%,37.6%,(X),"1,878",46.8%,24.9%,4.8%,7.1%,16.3%,(X),540,52.0%,8.5%,1.5%,9.4%,0.0%,0.0%,28.5%,(X),"3,128",1.1%,3.1%,63.6%,28.3%,2.4%,1.5%,0.0%,(X),(X),"3,128",12.9%,12.9%,22.9%,11.9%,8.6%,30.8%,(X)
90,78727,"14,924",93.2%,6.8%,(X),(X),"14,924",48.4%,4.1%,2.4%,7.1%,6.2%,12.5%,19.3%,0.0%,0.0%,"14,924",6.0%,4.3%,20.0%,31.4%,25.6%,10.1%,2.2%,0.2%,0.1%,0.1%,,"14,924",2.2%,6.1%,16.3%,18.1%,17.9%,15.0%,10.5%,7.6%,6.3%,(X),"14,924",2.2%,21.3%,24.8%,34.4%,16.1%,1.2%,,"13,911",44.7%,55.3%,(X),(X),"13,911",7.9%,37.5%,22.3%,18.5%,8.7%,5.1%,"13,911",2.9%,43.1%,40.4%,13.7%,,"13,911",55.7%,1.3%,42.3%,0.0%,0.0%,0.1%,0.4%,0.0%,0.2%,,"13,911",0.0%,0.4%,1.1%,"13,911",96.9%,2.4%,0.7%,"6,221",0.4%,0.0%,3.3%,7.6%,31.4%,50.3%,6.5%,0.5%,(X),"6,221",67.8%,32.2%,"4,218",0.0%,1.6%,18.2%,34.4%,22.4%,9.7%,13.7%,(X),"2,003",1.2%,1.5%,19.9%,26.5%,27.1%,23.8%,(X),"4,206",46.7%,15.9%,12.8%,7.8%,16.8%,(X),"1,987",46.8%,21.2%,9.9%,8.2%,6.8%,0.8%,6.4%,(X),"7,640",0.0%,4.7%,52.8%,32.0%,10.0%,0.5%,0.0%,(X),(X),"7,516",12.4%,15.5%,17.7%,15.3%,12.1%,27.1%,(X)
93,78728,"11,241",92.8%,7.2%,(X),(X),"11,241",38.4%,0.7%,0.6%,3.1%,5.7%,22.5%,27.6%,1.1%,0.2%,"11,241",7.9%,6.2%,17.4%,32.1%,31.8%,3.5%,1.0%,0.0%,0.0%,0.1%,,"11,241",3.2%,7.8%,26.4%,23.0%,16.6%,11.0%,4.1%,4.8%,3.0%,(X),"11,241",3.2%,35.9%,22.4%,26.5%,11.7%,0.2%,,"10,429",29.4%,70.6%,(X),(X),"10,429",6.8%,51.1%,25.7%,11.1%,4.2%,1.2%,"10,429",7.2%,49.2%,36.5%,7.0%,,"10,429",30.1%,0.4%,69.3%,0.0%,0.0%,0.0%,0.0%,0.0%,0.2%,,"10,429",0.4%,0.4%,1.4%,"10,429",96.2%,2.3%,1.5%,"3,062",2.7%,0.1%,2.6%,11.3%,44.9%,38.1%,0.0%,0.2%,(X),"3,062",75.7%,24.3%,"2,318",1.0%,3.2%,23.9%,37.7%,32.0%,1.9%,0.3%,(X),744,8.1%,0.0%,21.9%,37.5%,16.9%,15.6%,(X),"2,318",47.2%,26.1%,10.0%,1.8%,14.9%,(X),744,62.2%,18.1%,9.4%,1.1%,0.0%,3.1%,6.0%,(X),"7,359",1.1%,20.7%,55.5%,14.7%,6.0%,1.3%,0.8%,(X),(X),"7,359",10.1%,11.3%,14.7%,19.0%,9.0%,36.0%,(X)
96,78729,"12,813",89.9%,10.1%,(X),(X),"12,813",39.3%,6.5%,4.0%,4.7%,8.1%,17.0%,19.2%,0.2%,0.7%,"12,813",6.6%,4.0%,16.5%,28.8%,32.8%,9.9%,0.2%,0.4%,0.0%,0.8%,,"12,813",3.4%,6.2%,20.1%,19.6%,12.4%,12.5%,14.3%,5.2%,6.4%,(X),"12,813",3.5%,23.3%,25.4%,32.0%,14.1%,1.8%,,"11,516",41.8%,58.2%,(X),(X),"11,516",7.2%,39.9%,23.0%,18.1%,8.5%,3.3%,"11,516",3.4%,44.8%,41.2%,10.5%,,"11,516",36.5%,0.7%,62.4%,0.0%,0.1%,0.3%,0.0%,0.0%,0.1%,,"11,516",0.5%,1.7%,0.7%,"11,516",98.5%,0.9%,0.6%,"4,811",2.7%,0.4%,0.8%,7.2%,34.2%,53.3%,1.5%,0.0%,(X),"4,811",74.5%,25.5%,"3,584",0.2%,2.0%,16.8%,37.7%,29.3%,11.6%,2.4%,(X),"1,227",3.5%,10.5%,20.2%,30.6%,24.4%,10.8%,(X),"3,584",53.3%,19.8%,8.1%,2.7%,16.1%,(X),"1,227",43.2%,27.8%,16.2%,2.9%,1.5%,2.4%,5.9%,(X),"6,697",0.7%,11.6%,53.1%,25.4%,7.5%,1.1%,0.5%,(X),(X),"6,667",13.9%,12.9%,20.9%,9.8%,7.6%,34.9%,(X)
99,78730,"4,617",96.4%,3.6%,(X),(X),"4,617",57.9%,1.3%,0.9%,1.4%,5.1%,9.1%,24.3%,0.0%,0.0%,"4,617",4.8%,2.9%,31.9%,46.0%,8.3%,1.9%,3.4%,0.0%,0.7%,0.0%,,"4,617",2.0%,4.5%,13.8%,16.9%,6.2%,6.5%,11.7%,8.3%,30.1%,(X),"4,617",3.3%,16.8%,24.3%,12.7%,31.1%,11.9%,,"4,453",57.6%,42.4%,(X),(X),"4,453",2.8%,40.6%,26.4%,18.8%,9.6%,1.8%,"4,453",3.2%,26.7%,50.4%,19.7%,,"4,453",45.6%,11.0%,41.1%,0.0%,0.0%,0.7%,0.3%,0.0%,1.3%,,"4,453",0.0%,0.0%,1.5%,"4,453",99.2%,0.3%,0.5%,"2,566",1.2%,0.0%,0.0%,4.7%,6.9%,5.3%,63.8%,18.2%,(X),"2,566",75.0%,25.0%,"1,924",0.0%,0.7%,0.5%,8.7%,8.0%,13.0%,69.0%,(X),642,0.0%,0.0%,3.9%,7.5%,10.4%,78.2%,(X),"1,924",45.8%,15.7%,8.2%,8.9%,21.3%,(X),624,40.9%,26.9%,11.5%,4.0%,2.6%,2.6%,11.5%,(X),"1,830",0.0%,4.3%,63.6%,26.7%,0.7%,2.6%,2.1%,(X),(X),"1,830",8.8%,21.7%,34.0%,5.8%,16.4%,13.2%,(X)
102,78731,"14,385",93.2%,6.8%,(X),(X),"14,385",48.9%,8.3%,0.6%,3.9%,8.9%,7.8%,21.1%,0.3%,0.2%,"14,385",1.1%,1.5%,4.0%,12.1%,22.3%,31.0%,12.4%,13.0%,1.6%,0.9%,,"14,385",2.8%,8.0%,15.6%,15.6%,13.5%,8.7%,8.3%,11.8%,15.7%,(X),"14,385",4.0%,23.0%,25.8%,23.4%,17.8%,5.9%,,"13,412",54.5%,45.5%,(X),(X),"13,412",11.9%,32.5%,21.0%,14.5%,11.2%,8.9%,"13,412",6.8%,39.7%,41.5%,12.0%,,"13,412",46.2%,0.4%,52.5%,0.2%,0.0%,0.0%,0.1%,0.1%,0.5%,,"13,412",0.0%,1.3%,1.4%,"13,412",98.7%,0.3%,1.0%,"7,313",0.8%,0.3%,4.2%,1.8%,4.6%,17.0%,57.0%,14.2%,(X),"7,313",54.6%,45.4%,"3,990",0.0%,0.7%,4.1%,6.5%,14.0%,13.1%,61.6%,(X),"3,323",3.0%,1.7%,4.5%,14.7%,16.3%,59.7%,(X),"3,990",49.0%,13.9%,5.5%,4.5%,27.1%,(X),"3,237",33.1%,19.6%,22.6%,5.8%,3.2%,2.6%,13.2%,(X),"6,030",0.7%,9.8%,53.4%,23.6%,5.0%,2.9%,4.7%,(X),(X),"5,826",7.2%,17.2%,11.7%,9.6%,10.5%,43.8%,(X)
105,78732,"6,287",98.6%,1.4%,(X),(X),"6,287",78.2%,0.0%,0.0%,0.5%,2.9%,8.3%,10.1%,0.0%,0.0%,"6,287",7.3%,13.3%,49.1%,21.1%,3.7%,2.0%,3.1%,0.0%,0.0%,0.5%,,"6,287",1.7%,1.4%,10.4%,6.6%,7.6%,8.6%,9.6%,13.5%,40.6%,(X),"6,287",1.7%,13.2%,7.6%,14.7%,39.0%,23.7%,,"6,197",74.2%,25.8%,(X),(X),"6,197",6.0%,32.7%,22.5%,32.2%,6.1%,0.5%,"6,197",5.5%,12.8%,45.1%,36.6%,,"6,197",57.9%,3.7%,38.4%,0.0%,0.0%,0.0%,0.0%,0.0%,0.0%,,"6,197",0.0%,1.1%,1.5%,"6,197",99.7%,0.0%,0.3%,"4,597",0.0%,0.0%,0.0%,1.9%,1.1%,40.4%,47.5%,9.1%,(X),"4,597",78.7%,21.3%,"3,620",0.0%,0.0%,1.5%,3.1%,13.0%,22.3%,60.2%,(X),977,5.1%,0.0%,5.0%,3.3%,18.7%,67.9%,(X),"3,620",55.6%,23.6%,13.6%,4.0%,3.2%,(X),977,48.3%,21.3%,10.5%,6.1%,4.3%,3.5%,5.9%,(X),"1,576",0.0%,10.4%,47.2%,15.1%,1.3%,8.6%,17.4%,(X),(X),"1,576",22.3%,2.2%,5.7%,5.6%,1.3%,62.9%,(X)
108,78733,"2,916",97.4%,2.6%,(X),(X),"2,916",93.3%,3.0%,0.0%,0.0%,0.0%,0.0%,0.0%,3.7%,0.0%,"2,916",0.8%,2.5%,21.9%,32.9%,25.0%,9.7%,2.7%,2.9%,0.0%,1.6%,,"2,916",0.7%,0.2%,1.9%,3.3%,11.4%,18.3%,9.3%,15.1%,39.8%,(X),"2,916",0.7%,0.8%,6.1%,36.9%,35.4%,20.1%,,"2,839",90.8%,9.2%,(X),(X),"2,839",3.6%,13.0%,30.6%,30.0%,13.6%,9.2%,"2,839",1.1%,13.9%,53.1%,31.9%,,"2,839",13.6%,25.1%,58.7%,0.0%,0.0%,0.3%,1.6%,0.7%,0.0%,,"2,839",0.0%,0.7%,0.0%,"2,839",100.0%,0.0%,0.0%,"2,578",0.0%,0.1%,0.4%,1.2%,3.5%,26.2%,46.5%,22.0%,(X),"2,578",68.3%,31.7%,"1,760",0.0%,1.8%,2.0%,10.1%,14.9%,11.7%,59.4%,(X),818,3.3%,9.2%,0.0%,16.9%,9.8%,60.9%,(X),"1,760",51.0%,6.9%,7.0%,5.0%,30.0%,(X),811,65.0%,12.8%,2.5%,6.4%,0.0%,2.2%,11.1%,(X),234,0.0%,15.8%,2.1%,41.5%,2.1%,22.6%,15.8%,(X),(X),234,56.0%,1.3%,9.4%,9.8%,0.0%,23.5%,(X)
111,78734,"9,180",89.1%,10.9%,(X),(X),"9,180",81.4%,8.0%,1.2%,0.5%,0.5%,1.4%,2.7%,4.2%,0.2%,"9,180",6.8%,6.9%,25.5%,23.3%,22.1%,10.4%,3.0%,0.7%,0.2%,1.1%,,"9,180",2.8%,1.7%,2.3%,6.4%,13.3%,25.5%,15.8%,12.9%,19.2%,(X),"9,180",2.9%,5.3%,9.5%,49.0%,27.4%,5.9%,,"8,181",82.9%,17.1%,(X),(X),"8,181",5.2%,28.6%,23.5%,25.6%,12.0%,5.1%,"8,181",1.6%,24.4%,46.5%,27.5%,,"8,181",14.1%,13.1%,72.5%,0.1%,0.0%,0.1%,0.0%,0.0%,0.0%,,"8,181",0.1%,1.5%,0.9%,"8,181",98.1%,0.8%,1.1%,"6,786",0.7%,0.2%,2.2%,3.2%,13.3%,44.6%,24.8%,11.1%,(X),"6,786",70.9%,29.1%,"4,813",0.0%,1.3%,12.1%,17.5%,20.9%,14.8%,33.5%,(X),"1,973",4.8%,4.0%,8.8%,8.6%,25.5%,48.3%,(X),"4,746",41.2%,18.9%,9.0%,7.8%,23.1%,(X),"1,965",37.9%,19.5%,11.0%,1.8%,2.7%,1.8%,25.2%,(X),"1,370",0.0%,11.8%,29.1%,23.0%,11.8%,14.5%,9.9%,(X),(X),"1,370",7.0%,15.1%,22.9%,15.7%,8.0%,31.3%,(X)
114,78735,"8,979",87.6%,12.4%,(X),(X),"8,979",42.0%,3.8%,0.7%,3.0%,4.6%,11.1%,30.1%,4.8%,0.0%,"8,979",13.9%,6.8%,25.7%,34.4%,7.7%,6.6%,3.3%,0.7%,0.5%,0.4%,,"8,979",1.7%,6.8%,19.1%,17.3%,10.5%,12.1%,8.6%,6.9%,17.0%,(X),"8,979",1.7%,23.7%,23.3%,25.3%,19.2%,6.8%,,"7,862",49.2%,50.8%,(X),(X),"7,862",11.8%,38.0%,23.4%,16.2%,8.2%,2.4%,"7,862",3.8%,36.7%,44.9%,14.6%,,"7,862",46.6%,3.2%,48.9%,0.0%,0.0%,0.5%,0.0%,0.6%,0.2%,,"7,862",0.7%,1.3%,0.9%,"7,862",96.7%,3.3%,0.0%,"3,871",5.1%,1.4%,0.0%,1.3%,5.6%,30.9%,37.0%,18.7%,(X),"3,871",62.6%,37.4%,"2,423",0.0%,0.9%,9.1%,6.4%,12.8%,17.2%,53.6%,(X),"1,448",3.8%,6.1%,6.8%,4.3%,18.3%,60.7%,(X),"2,423",43.7%,17.8%,14.9%,5.2%,18.3%,(X),"1,448",31.0%,20.7%,10.6%,7.7%,6.7%,4.4%,18.9%,(X),"3,834",0.4%,1.5%,34.2%,43.5%,12.5%,2.5%,5.3%,(X),(X),"3,815",9.4%,17.9%,16.7%,10.6%,8.1%,37.4%,(X)
117,78736,"3,798",96.8%,3.2%,(X),(X),"3,798",75.1%,1.8%,2.2%,0.3%,0.4%,0.9%,16.6%,2.6%,0.0%,"3,798",24.6%,6.8%,11.4%,16.6%,17.0%,18.4%,1.6%,0.6%,1.9%,1.0%,,"3,798",1.7%,6.5%,7.8%,9.1%,14.8%,22.1%,10.2%,9.0%,18.9%,(X),"3,798",1.7%,10.8%,13.0%,46.0%,21.1%,7.4%,,"3,677",72.5%,27.5%,(X),(X),"3,677",12.8%,36.3%,13.0%,16.7%,10.2%,11.0%,"3,677",0.4%,22.7%,49.1%,27.8%,,"3,677",22.7%,6.6%,70.7%,0.0%,0.0%,0.0%,0.0%,0.0%,0.0%,,"3,677",0.0%,0.0%,1.4%,"3,677",97.5%,1.2%,1.3%,"2,665",0.5%,1.4%,5.7%,4.3%,12.4%,51.7%,18.6%,5.4%,(X),"2,665",59.4%,40.6%,"1,583",0.8%,0.9%,4.9%,21.7%,22.3%,11.5%,38.0%,(X),"1,082",0.0%,12.5%,27.7%,27.4%,19.4%,12.9%,(X),"1,583",37.7%,25.1%,13.6%,3.7%,20.0%,(X),979,44.4%,24.9%,12.7%,8.4%,0.0%,0.0%,9.6%,(X),"1,012",0.0%,5.9%,46.7%,28.5%,18.9%,0.0%,0.0%,(X),(X),960,19.4%,4.6%,21.7%,22.5%,3.0%,28.9%,(X)
120,78737,"6,421",97.8%,2.2%,(X),(X),"6,421",92.3%,0.0%,3.4%,0.2%,0.2%,0.9%,0.9%,1.9%,0.2%,"6,421",22.0%,10.1%,31.0%,15.3%,9.6%,9.1%,1.2%,0.8%,0.6%,0.4%,,"6,421",0.4%,0.5%,2.2%,7.8%,9.5%,13.4%,15.4%,13.8%,37.0%,(X),"6,421",0.4%,2.7%,5.7%,30.9%,47.6%,12.6%,,"6,280",90.9%,9.1%,(X),(X),"6,280",4.5%,35.8%,23.2%,20.3%,10.7%,5.5%,"6,280",2.3%,10.2%,57.5%,30.0%,,"6,280",37.5%,9.6%,52.2%,0.0%,0.0%,0.1%,0.2%,0.3%,0.0%,,"6,280",0.2%,0.8%,0.1%,"6,280",99.8%,0.0%,0.2%,"5,708",0.3%,1.2%,0.4%,1.4%,4.1%,48.7%,42.8%,1.2%,(X),"5,708",75.0%,25.0%,"4,280",0.5%,0.7%,1.9%,13.9%,12.3%,22.0%,48.6%,(X),"1,428",1.1%,6.9%,9.9%,9.0%,21.2%,52.0%,(X),"4,273",45.2%,19.8%,10.7%,7.6%,16.7%,(X),"1,370",31.8%,16.4%,13.3%,14.3%,6.6%,1.5%,16.2%,(X),560,0.0%,2.1%,34.8%,35.9%,8.9%,6.8%,11.4%,(X),(X),560,7.0%,18.9%,21.1%,35.4%,0.0%,17.7%,(X)
123,78738,"6,997",91.0%,9.0%,(X),(X),"6,997",69.2%,3.2%,0.0%,1.9%,2.9%,3.9%,18.5%,0.3%,0.1%,"6,997",25.6%,14.4%,32.8%,19.2%,6.9%,1.0%,0.2%,0.0%,0.0%,0.0%,,"6,997",0.9%,3.7%,9.7%,15.3%,8.7%,6.0%,10.4%,15.8%,29.4%,(X),"6,997",0.9%,14.1%,20.3%,21.8%,34.4%,8.6%,,"6,368",72.4%,27.6%,(X),(X),"6,368",4.4%,44.3%,21.6%,20.7%,7.0%,2.0%,"6,368",1.9%,31.8%,50.5%,15.9%,,"6,368",21.7%,13.8%,63.4%,0.5%,0.0%,0.0%,0.3%,0.3%,0.0%,,"6,368",0.0%,0.3%,0.9%,"6,368",99.7%,0.0%,0.3%,"4,611",0.0%,0.4%,0.0%,0.5%,2.6%,35.2%,52.5%,8.7%,(X),"4,611",64.9%,35.1%,"2,994",0.0%,0.6%,1.4%,6.4%,15.2%,29.0%,47.3%,(X),"1,617",0.0%,0.6%,1.9%,8.0%,14.3%,75.1%,(X),"2,984",42.7%,8.7%,8.3%,9.7%,30.6%,(X),"1,605",34.0%,18.9%,9.8%,5.2%,1.7%,4.4%,26.0%,(X),"1,739",0.8%,0.0%,39.1%,34.9%,8.3%,4.5%,12.4%,(X),(X),"1,739",8.7%,20.8%,13.3%,7.5%,3.8%,45.9%,(X)
126,78739,"6,973",97.3%,2.7%,(X),(X),"6,973",99.3%,0.7%,0.0%,0.0%,0.0%,0.0%,0.0%,0.0%,0.0%,"6,973",9.6%,14.0%,34.3%,25.7%,13.2%,2.7%,0.5%,0.0%,0.0%,0.0%,,"6,973",0.0%,0.2%,0.0%,3.9%,6.9%,11.2%,16.0%,24.4%,37.4%,(X),"6,973",0.0%,0.2%,0.0%,25.8%,60.2%,13.8%,,"6,788",94.2%,5.8%,(X),(X),"6,788",2.3%,24.1%,29.0%,29.4%,11.4%,3.8%,"6,788",0.2%,12.8%,60.3%,26.8%,,"6,788",69.5%,2.2%,27.9%,0.0%,0.0%,0.0%,0.0%,0.0%,0.4%,,"6,788",0.0%,0.2%,0.3%,"6,788",100.0%,0.0%,0.0%,"6,395",0.2%,0.0%,0.1%,0.0%,1.5%,50.4%,46.6%,1.1%,(X),"6,395",73.4%,26.6%,"4,696",0.0%,0.2%,1.8%,11.3%,16.9%,24.5%,45.3%,(X),"1,699",0.0%,0.7%,4.1%,13.2%,20.2%,61.8%,(X),"4,696",55.7%,15.6%,16.2%,3.2%,9.3%,(X),"1,626",42.7%,21.2%,17.9%,5.4%,1.7%,1.8%,9.3%,(X),393,0.0%,3.3%,0.0%,5.6%,27.2%,58.3%,5.6%,(X),(X),393,16.5%,38.4%,9.4%,5.3%,3.6%,26.7%,(X)
129,78741,"22,595",91.7%,8.3%,(X),(X),"22,595",14.8%,4.0%,3.5%,7.0%,11.7%,24.9%,32.7%,1.4%,0.1%,"22,595",7.8%,6.0%,16.4%,16.4%,23.0%,17.6%,7.4%,3.3%,1.6%,0.6%,,"22,595",5.9%,11.6%,26.9%,25.1%,14.0%,8.8%,4.2%,2.4%,1.1%,(X),"22,595",6.3%,33.2%,33.1%,17.3%,10.0%,0.2%,,"20,714",16.7%,83.3%,(X),(X),"20,714",8.9%,56.3%,21.7%,7.7%,2.6%,2.8%,"20,714",10.0%,50.5%,28.8%,10.6%,,"20,714",27.0%,2.0%,69.7%,0.1%,0.1%,0.0%,0.0%,0.0%,1.1%,,"20,714",0.3%,0.8%,1.4%,"20,714",94.1%,3.7%,2.2%,"3,467",8.4%,7.7%,8.9%,13.0%,24.3%,29.4%,8.3%,0.0%,(X),"3,467",56.9%,43.1%,"1,973",0.0%,8.7%,25.6%,30.5%,12.6%,10.8%,11.9%,(X),"1,494",9.2%,24.8%,33.5%,12.9%,10.4%,9.2%,(X),"1,973",45.5%,20.2%,10.7%,10.6%,13.0%,(X),"1,494",38.5%,16.7%,6.4%,7.8%,11.1%,1.9%,17.7%,(X),"17,021",3.8%,24.7%,49.1%,15.7%,5.1%,1.3%,0.4%,(X),(X),"16,735",12.2%,13.2%,14.3%,12.4%,10.4%,37.5%,(X)
132,78742,291,93.8%,6.2%,(X),(X),291,50.5%,0.0%,2.4%,4.5%,0.0%,0.0%,2.1%,34.7%,5.8%,291,4.5%,2.1%,8.6%,25.4%,4.5%,20.3%,21.0%,6.5%,5.5%,1.7%,,291,12.4%,1.4%,9.6%,10.0%,46.0%,13.4%,1.4%,1.0%,4.8%,(X),291,12.4%,10.0%,30.9%,37.5%,9.3%,0.0%,,273,62.3%,37.7%,(X),(X),273,6.2%,15.8%,26.7%,17.6%,15.0%,18.7%,273,6.2%,32.2%,25.6%,35.9%,,273,22.7%,8.4%,60.1%,0.0%,0.0%,0.0%,0.0%,0.0%,8.8%,,273,4.8%,12.5%,3.3%,273,87.9%,2.6%,9.5%,170,48.8%,10.0%,21.8%,9.4%,4.1%,0.0%,5.9%,0.0%,(X),170,19.4%,80.6%,33,0.0%,0.0%,33.3%,42.4%,24.2%,0.0%,0.0%,(X),137,48.9%,8.8%,13.9%,19.0%,9.5%,0.0%,(X),33,0.0%,0.0%,12.1%,42.4%,45.5%,(X),137,59.9%,8.8%,21.9%,0.0%,0.0%,0.0%,9.5%,(X),103,0.0%,41.7%,40.8%,12.6%,4.9%,0.0%,0.0%,(X),(X),103,31.1%,4.9%,13.6%,12.6%,16.5%,21.4%,(X)
135,78744,"16,831",95.4%,4.6%,(X),(X),"16,831",53.7%,5.0%,5.0%,1.7%,4.4%,12.7%,10.3%,6.9%,0.4%,"16,831",16.0%,5.0%,23.9%,14.6%,18.2%,19.3%,2.0%,0.4%,0.6%,0.1%,,"16,831",1.5%,5.4%,11.1%,19.1%,29.3%,17.6%,5.6%,6.5%,3.9%,(X),"16,831",1.6%,14.9%,23.6%,42.1%,16.9%,0.9%,,"16,053",47.8%,52.2%,(X),(X),"16,053",6.9%,36.6%,20.8%,19.1%,11.0%,5.6%,"16,053",6.3%,31.2%,36.4%,26.1%,,"16,053",36.6%,0.5%,60.3%,0.2%,0.0%,0.8%,0.2%,0.4%,1.1%,,"16,053",0.3%,0.2%,1.5%,"16,053",91.8%,6.3%,1.8%,"7,677",8.0%,6.3%,15.2%,21.8%,37.6%,9.9%,1.3%,0.0%,(X),"7,677",67.2%,32.8%,"5,158",0.0%,11.9%,46.0%,26.7%,5.5%,1.7%,8.2%,(X),"2,519",14.5%,10.1%,23.6%,38.7%,9.9%,3.3%,(X),"5,136",34.2%,18.9%,12.7%,7.1%,27.2%,(X),"2,519",63.3%,11.7%,7.4%,7.6%,5.3%,0.2%,4.5%,(X),"8,162",2.7%,17.8%,55.4%,20.0%,4.0%,0.2%,0.0%,(X),(X),"8,066",10.1%,10.6%,13.0%,11.5%,12.4%,42.4%,(X)
138,78745,"29,410",95.2%,4.8%,(X),(X),"29,410",56.5%,7.5%,2.8%,3.3%,4.5%,10.9%,13.2%,1.1%,0.0%,"29,410",5.5%,4.1%,12.7%,9.2%,19.7%,28.4%,12.2%,6.0%,1.5%,0.7%,,"29,410",2.7%,8.8%,18.4%,21.4%,20.6%,14.1%,7.0%,3.9%,3.1%,(X),"29,410",2.8%,18.4%,25.4%,44.1%,8.7%,0.6%,,"27,994",48.5%,51.5%,(X),(X),"27,994",6.3%,34.0%,22.3%,18.2%,8.3%,10.9%,"27,994",4.5%,41.7%,40.0%,13.8%,,"27,994",41.4%,1.4%,56.7%,0.0%,0.0%,0.1%,0.0%,0.0%,0.4%,,"27,994",0.2%,0.9%,0.9%,"27,994",96.0%,2.4%,1.6%,"13,565",1.3%,0.7%,3.4%,8.2%,33.7%,48.1%,4.3%,0.4%,(X),"13,565",64.5%,35.5%,"8,749",0.5%,6.3%,25.4%,30.7%,24.5%,7.4%,5.3%,(X),"4,816",2.5%,7.1%,32.8%,34.3%,14.1%,9.3%,(X),"8,599",49.3%,16.7%,9.3%,6.3%,18.5%,(X),"4,629",38.4%,19.2%,7.1%,9.7%,10.3%,2.4%,12.9%,(X),"14,250",2.8%,16.3%,44.2%,26.8%,9.0%,0.5%,0.5%,(X),(X),"14,128",10.6%,15.1%,15.5%,12.1%,10.0%,36.8%,(X)
141,78746,"11,412",91.3%,8.7%,(X),(X),"11,412",65.1%,5.8%,0.6%,3.1%,3.9%,7.6%,13.9%,0.0%,0.0%,"11,412",2.9%,2.9%,10.2%,22.2%,33.6%,19.2%,6.4%,2.3%,0.3%,0.1%,,"11,412",1.6%,6.4%,9.6%,10.6%,8.9%,9.8%,9.9%,12.9%,30.4%,(X),"11,412",1.6%,14.9%,15.5%,24.6%,31.0%,12.4%,,"10,414",69.4%,30.6%,(X),(X),"10,414",6.3%,33.5%,17.8%,18.5%,13.1%,10.8%,"10,414",2.5%,25.9%,45.4%,26.2%,,"10,414",43.5%,6.7%,49.6%,0.0%,0.0%,0.0%,0.1%,0.0%,0.1%,,"10,414",0.4%,1.0%,0.8%,"10,414",98.7%,0.6%,0.7%,"7,224",0.4%,0.2%,0.7%,1.1%,1.7%,5.5%,46.8%,43.5%,(X),"7,224",59.4%,40.6%,"4,290",0.0%,0.0%,1.9%,3.0%,8.6%,9.0%,77.4%,(X),"2,934",0.3%,0.4%,1.8%,5.6%,4.8%,87.0%,(X),"4,282",44.8%,17.1%,10.7%,6.4%,21.0%,(X),"2,912",37.6%,16.9%,12.8%,6.7%,3.8%,2.1%,20.1%,(X),"3,128",0.0%,3.0%,36.9%,33.5%,11.5%,5.6%,9.6%,(X),(X),"3,035",15.1%,14.5%,14.3%,17.0%,9.4%,29.8%,(X)
144,78747,"6,970",95.5%,4.5%,(X),(X),"6,970",69.6%,5.2%,0.0%,2.3%,0.8%,6.5%,4.1%,11.5%,0.0%,"6,970",14.1%,8.9%,41.8%,12.9%,14.3%,6.2%,0.7%,0.5%,0.2%,0.4%,,"6,970",0.2%,1.3%,5.0%,10.4%,22.8%,26.6%,12.2%,11.5%,10.0%,(X),"6,970",0.3%,5.4%,10.7%,59.0%,21.8%,2.7%,,"6,657",79.7%,20.3%,(X),(X),"6,657",3.6%,33.2%,23.7%,29.4%,7.1%,3.0%,"6,657",1.4%,26.4%,49.0%,23.2%,,"6,657",40.0%,1.9%,56.9%,0.1%,0.0%,0.1%,0.3%,0.5%,0.2%,,"6,657",0.1%,0.1%,1.3%,"6,657",96.1%,3.4%,0.4%,"5,305",8.5%,3.3%,1.5%,13.9%,43.0%,27.4%,2.2%,0.4%,(X),"5,305",74.3%,25.7%,"3,941",0.0%,9.1%,36.7%,26.9%,18.0%,6.0%,3.3%,(X),"1,364",8.0%,11.5%,21.7%,21.7%,22.0%,15.1%,(X),"3,941",33.4%,15.4%,16.6%,5.8%,28.8%,(X),"1,364",44.4%,27.9%,7.5%,2.3%,7.1%,3.7%,7.0%,(X),"1,352",0.0%,4.0%,40.3%,33.4%,20.6%,1.7%,0.0%,(X),(X),"1,352",9.7%,24.1%,22.6%,3.3%,8.1%,32.2%,(X)
147,78748,"22,201",94.7%,5.3%,(X),(X),"22,201",64.7%,5.1%,1.2%,2.6%,3.1%,12.4%,9.7%,1.0%,0.2%,"22,201",10.1%,11.5%,36.5%,15.9%,19.3%,4.6%,1.0%,0.7%,0.2%,0.1%,,"22,201",0.9%,6.1%,17.3%,18.6%,20.2%,13.3%,11.1%,6.6%,6.1%,(X),"22,201",1.1%,11.3%,24.0%,45.6%,15.6%,2.4%,,"21,027",59.4%,40.6%,(X),(X),"21,027",8.5%,36.5%,23.6%,21.8%,6.6%,2.9%,"21,027",2.4%,34.2%,45.4%,18.0%,,"21,027",44.5%,1.2%,53.5%,0.0%,0.0%,0.0%,0.3%,0.0%,0.5%,,"21,027",0.2%,0.2%,1.4%,"21,027",95.8%,3.5%,0.7%,"12,485",0.8%,1.0%,2.0%,4.9%,42.7%,45.8%,2.8%,0.0%,(X),"12,485",77.2%,22.8%,"9,641",0.0%,3.5%,22.8%,35.5%,22.8%,8.9%,6.6%,(X),"2,844",2.1%,5.6%,23.1%,31.1%,21.7%,16.4%,(X),"9,517",48.2%,19.6%,10.3%,5.0%,16.9%,(X),"2,808",50.5%,10.7%,19.4%,8.0%,3.3%,3.2%,4.8%,(X),"8,381",0.8%,8.4%,41.1%,37.1%,11.7%,1.0%,0.0%,(X),(X),"8,215",9.0%,13.1%,20.2%,12.7%,10.4%,34.6%,(X)
150,78749,"16,569",95.6%,4.4%,(X),(X),"16,569",71.0%,2.9%,0.9%,1.0%,2.6%,11.1%,10.3%,0.1%,0.0%,"16,569",1.1%,2.4%,18.8%,42.1%,24.0%,8.2%,1.5%,0.7%,0.7%,0.6%,,"16,569",1.7%,8.5%,10.0%,14.9%,13.5%,16.9%,16.3%,8.0%,10.1%,(X),"16,569",1.7%,15.6%,14.8%,42.4%,23.2%,2.3%,,"15,836",66.1%,33.9%,(X),(X),"15,836",5.3%,30.7%,19.1%,23.3%,17.9%,3.6%,"15,836",3.3%,33.3%,46.9%,16.5%,,"15,836",57.6%,1.0%,41.1%,0.0%,0.0%,0.0%,0.1%,0.0%,0.3%,,"15,836",0.1%,1.0%,1.3%,"15,836",97.9%,1.4%,0.7%,"10,462",0.8%,0.0%,0.1%,2.7%,18.6%,70.8%,6.4%,0.6%,(X),"10,462",73.8%,26.2%,"7,723",0.6%,0.5%,13.7%,33.8%,24.3%,16.6%,10.5%,(X),"2,739",0.8%,2.2%,13.3%,20.9%,27.5%,35.2%,(X),"7,692",47.2%,17.3%,9.5%,7.9%,18.1%,(X),"2,720",49.7%,24.3%,8.6%,3.9%,0.8%,1.5%,11.0%,(X),"5,331",0.2%,3.7%,50.5%,29.0%,12.7%,3.9%,0.0%,(X),(X),"5,297",17.0%,13.2%,20.4%,11.3%,7.3%,30.8%,(X)
153,78750,"12,948",95.6%,4.4%,(X),(X),"12,948",57.4%,4.1%,2.3%,4.3%,6.5%,7.5%,17.7%,0.2%,0.0%,"12,948",5.5%,6.7%,12.7%,17.5%,31.3%,22.3%,2.6%,0.6%,0.0%,0.7%,,"12,948",0.9%,3.1%,13.1%,15.0%,17.0%,12.8%,11.3%,11.5%,15.4%,(X),"12,948",1.0%,14.5%,23.6%,29.6%,26.0%,5.3%,,"12,383",58.1%,41.9%,(X),(X),"12,383",8.2%,32.0%,20.6%,18.6%,12.3%,8.4%,"12,383",1.3%,35.6%,46.4%,16.7%,,"12,383",47.9%,0.9%,50.6%,0.0%,0.0%,0.0%,0.6%,0.0%,0.0%,,"12,383",0.0%,0.2%,0.9%,"12,383",97.3%,2.2%,0.5%,"7,193",0.5%,0.7%,2.5%,3.5%,22.7%,31.9%,38.1%,0.0%,(X),"7,193",64.5%,35.5%,"4,638",0.2%,1.2%,13.0%,22.3%,18.6%,14.1%,30.7%,(X),"2,555",0.4%,1.1%,14.3%,14.6%,15.4%,54.1%,(X),"4,638",48.8%,15.3%,15.1%,4.1%,16.7%,(X),"2,546",37.0%,16.7%,15.5%,4.5%,8.1%,6.4%,11.9%,(X),"5,152",0.0%,3.2%,43.5%,35.6%,13.5%,1.8%,2.4%,(X),(X),"5,065",19.3%,14.0%,16.8%,15.7%,6.5%,27.7%,(X)
156,78751,"9,447",89.4%,10.6%,(X),(X),"9,447",40.6%,5.1%,5.6%,2.2%,3.4%,12.1%,30.7%,0.3%,0.0%,"9,447",6.5%,3.7%,6.7%,6.6%,9.6%,15.0%,14.6%,9.7%,12.9%,14.8%,,"9,447",7.1%,18.6%,18.9%,22.8%,14.1%,9.4%,5.5%,1.8%,1.9%,(X),"9,447",11.9%,31.7%,34.6%,17.6%,3.4%,0.8%,,"8,446",25.1%,74.9%,(X),(X),"8,446",12.1%,50.9%,20.1%,8.2%,4.6%,4.2%,"8,446",11.5%,48.7%,31.7%,8.1%,,"8,446",48.8%,2.8%,46.8%,0.0%,0.0%,0.0%,0.5%,0.3%,0.8%,,"8,446",0.5%,0.6%,1.6%,"8,446",98.4%,0.0%,1.6%,"2,124",0.3%,0.9%,0.5%,1.8%,7.9%,41.7%,44.2%,2.7%,(X),"2,124",66.8%,33.2%,"1,418",0.0%,1.8%,3.5%,12.6%,20.8%,17.8%,43.6%,(X),706,4.2%,10.6%,10.3%,18.4%,16.7%,39.7%,(X),"1,418",43.3%,20.1%,12.6%,3.6%,20.5%,(X),698,34.0%,15.8%,11.9%,15.5%,4.4%,2.4%,16.0%,(X),"6,146",0.9%,17.9%,37.7%,28.0%,11.5%,2.2%,1.8%,(X),(X),"6,019",10.5%,10.0%,10.9%,21.2%,8.3%,39.1%,(X)
159,78752,"9,834",92.9%,7.1%,(X),(X),"9,834",25.6%,9.6%,8.9%,7.1%,10.2%,9.6%,28.9%,0.0%,0.0%,"9,834",7.8%,6.5%,5.4%,4.0%,31.0%,21.9%,10.5%,11.1%,1.7%,0.1%,,"9,834",9.9%,9.9%,23.9%,24.0%,14.8%,8.7%,4.9%,2.5%,1.3%,(X),"9,834",10.7%,33.9%,29.1%,19.1%,7.0%,0.3%,,"9,133",23.3%,76.7%,(X),(X),"9,133",12.8%,47.6%,17.6%,15.2%,3.4%,3.3%,"9,133",9.8%,48.5%,36.6%,5.0%,,"9,133",36.7%,1.6%,61.1%,0.0%,0.1%,0.0%,0.3%,0.0%,0.2%,,"9,133",2.0%,1.9%,0.7%,"9,133",89.8%,5.7%,4.6%,"2,129",1.0%,2.3%,12.2%,11.2%,25.5%,38.5%,9.3%,0.0%,(X),"2,129",66.0%,34.0%,"1,405",0.0%,1.0%,31.5%,19.1%,25.6%,9.8%,13.0%,(X),724,0.0%,21.7%,44.5%,24.9%,4.3%,4.7%,(X),"1,405",49.8%,14.9%,13.7%,11.4%,10.2%,(X),724,31.8%,17.1%,11.3%,2.1%,9.8%,0.0%,27.9%,(X),"6,881",4.3%,24.2%,46.9%,17.2%,3.2%,3.8%,0.5%,(X),(X),"6,771",11.7%,12.8%,15.9%,11.6%,7.1%,41.0%,(X)
162,78753,"22,991",94.0%,6.0%,(X),(X),"22,991",36.0%,4.6%,4.0%,4.4%,9.1%,15.7%,21.3%,4.6%,0.3%,"22,991",6.9%,5.3%,13.0%,15.8%,25.2%,18.3%,10.7%,3.4%,0.9%,0.5%,,"22,991",4.4%,5.3%,22.1%,24.6%,17.9%,12.9%,5.6%,3.5%,3.7%,(X),"22,991",4.8%,23.8%,31.6%,29.5%,8.2%,2.1%,,"21,602",35.4%,64.6%,(X),(X),"21,602",7.1%,40.5%,22.2%,17.1%,8.4%,4.7%,"21,602",5.0%,43.9%,31.9%,19.2%,,"21,602",36.2%,1.0%,61.9%,0.0%,0.1%,0.6%,0.1%,0.1%,0.0%,,"21,602",0.7%,0.5%,2.3%,"21,602",89.8%,6.2%,4.0%,"7,644",5.5%,5.4%,9.0%,22.5%,36.7%,18.5%,0.8%,1.5%,(X),"7,644",63.0%,37.0%,"4,815",0.0%,6.1%,31.8%,40.1%,14.4%,3.7%,3.9%,(X),"2,829",9.7%,11.2%,22.0%,22.9%,22.8%,11.5%,(X),"4,776",38.9%,17.2%,6.5%,7.8%,29.6%,(X),"2,829",49.8%,8.3%,10.9%,5.6%,5.7%,3.1%,16.6%,(X),"13,813",3.1%,29.7%,52.4%,13.1%,0.6%,0.0%,1.1%,(X),(X),"13,593",13.0%,14.2%,12.8%,10.8%,9.3%,39.9%,(X)
165,78754,"9,656",96.8%,3.2%,(X),(X),"9,656",53.7%,2.7%,1.0%,2.2%,7.1%,8.2%,13.4%,11.5%,0.4%,"9,656",10.4%,12.0%,32.4%,23.1%,12.3%,7.7%,0.7%,0.4%,0.0%,1.1%,,"9,656",2.8%,3.7%,13.3%,17.5%,23.1%,14.8%,12.9%,6.7%,5.0%,(X),"9,656",2.8%,14.0%,21.8%,38.8%,18.4%,4.1%,,"9,348",57.9%,42.1%,(X),(X),"9,348",8.4%,39.3%,22.9%,22.4%,6.3%,0.7%,"9,348",3.9%,35.4%,36.2%,24.6%,,"9,348",36.2%,0.8%,62.1%,0.0%,0.0%,0.3%,0.5%,0.0%,0.0%,,"9,348",0.0%,0.0%,1.4%,"9,348",92.0%,5.4%,2.6%,"5,410",8.4%,5.5%,1.7%,11.8%,51.5%,21.0%,0.0%,0.0%,(X),"5,410",65.5%,34.5%,"3,546",0.0%,5.4%,19.1%,54.3%,15.4%,3.1%,2.6%,(X),"1,864",8.4%,30.2%,11.4%,19.5%,23.5%,7.0%,(X),"3,546",47.9%,15.6%,8.0%,6.9%,21.6%,(X),"1,864",53.7%,12.2%,9.8%,10.1%,3.1%,1.7%,9.4%,(X),"3,922",4.7%,10.3%,56.2%,22.9%,5.6%,0.2%,0.0%,(X),(X),"3,922",9.5%,18.0%,20.0%,13.3%,7.7%,31.5%,(X)
168,78756,"4,797",92.0%,8.0%,(X),(X),"4,797",40.8%,7.3%,4.0%,3.4%,3.4%,11.9%,28.6%,0.8%,0.0%,"4,797",11.7%,6.5%,6.6%,3.0%,11.0%,15.4%,10.4%,11.8%,15.2%,8.4%,,"4,797",6.8%,12.2%,19.3%,19.7%,12.4%,12.1%,9.6%,2.8%,5.0%,(X),"4,797",8.7%,27.7%,32.0%,23.1%,7.3%,1.3%,,"4,414",45.2%,54.8%,(X),(X),"4,414",7.5%,44.2%,17.3%,17.8%,8.0%,5.2%,"4,414",11.3%,40.2%,39.2%,9.3%,,"4,414",54.6%,0.8%,43.5%,0.3%,0.0%,0.0%,0.0%,0.0%,0.7%,,"4,414",0.3%,1.5%,1.1%,"4,414",98.5%,0.0%,1.5%,"1,997",0.5%,0.0%,1.0%,2.6%,3.7%,32.1%,56.6%,3.6%,(X),"1,997",65.6%,34.4%,"1,310",0.0%,3.4%,7.4%,13.7%,18.9%,7.6%,48.9%,(X),687,0.0%,0.0%,6.1%,17.8%,10.5%,65.6%,(X),"1,310",47.6%,10.3%,15.3%,5.0%,21.9%,(X),677,36.3%,7.2%,6.8%,8.0%,7.7%,4.0%,30.0%,(X),"2,377",10.0%,17.6%,32.6%,22.0%,12.7%,3.0%,2.2%,(X),(X),"2,335",14.6%,15.2%,11.3%,18.4%,9.2%,31.3%,(X)
171,78757,"11,917",94.5%,5.5%,(X),(X),"11,917",56.4%,6.0%,6.0%,6.0%,5.0%,6.8%,13.6%,0.1%,0.0%,"11,917",4.0%,1.0%,2.2%,2.6%,12.0%,14.3%,36.5%,23.5%,3.5%,0.5%,,"11,917",1.2%,5.7%,12.4%,24.1%,21.3%,18.9%,9.4%,4.0%,3.1%,(X),"11,917",1.9%,19.7%,30.1%,37.4%,10.0%,1.0%,,"11,261",56.6%,43.4%,(X),(X),"11,261",7.0%,33.5%,19.6%,19.3%,7.4%,13.1%,"11,261",4.2%,44.0%,41.1%,10.7%,,"11,261",58.4%,0.4%,40.3%,0.4%,0.3%,0.0%,0.0%,0.0%,0.2%,,"11,261",0.2%,0.3%,0.4%,"11,261",95.3%,3.8%,0.9%,"6,369",0.7%,0.5%,4.0%,4.0%,10.4%,45.5%,33.3%,1.6%,(X),"6,369",60.5%,39.5%,"3,851",0.4%,2.4%,12.1%,20.8%,17.8%,17.5%,29.0%,(X),"2,518",2.6%,4.9%,11.5%,27.8%,18.5%,34.8%,(X),"3,851",44.2%,13.0%,9.8%,10.8%,22.2%,(X),"2,518",29.7%,14.5%,19.3%,6.5%,1.2%,18.3%,10.4%,(X),"4,713",3.9%,19.1%,48.6%,18.3%,7.0%,3.1%,0.1%,(X),(X),"4,601",10.8%,12.1%,17.9%,14.3%,11.6%,33.3%,(X)
174,78758,"23,877",91.5%,8.5%,(X),(X),"23,877",27.3%,6.7%,8.8%,6.4%,7.6%,13.4%,29.0%,0.7%,0.0%,"23,877",6.7%,6.2%,9.8%,13.9%,26.9%,26.6%,7.1%,1.3%,0.5%,0.9%,,"23,877",5.3%,11.3%,23.3%,21.1%,16.1%,12.4%,5.6%,3.5%,1.2%,(X),"23,877",5.5%,34.1%,29.7%,24.0%,6.3%,0.4%,,"21,851",28.8%,71.2%,(X),(X),"21,851",13.6%,44.1%,20.1%,11.0%,6.0%,5.1%,"21,851",7.9%,49.5%,33.6%,9.0%,,"21,851",40.3%,1.5%,57.0%,0.0%,0.0%,0.6%,0.0%,0.4%,0.2%,,"21,851",0.3%,0.9%,1.8%,"21,851",92.4%,5.0%,2.6%,"6,301",2.0%,2.9%,7.9%,15.2%,35.1%,34.2%,1.9%,0.7%,(X),"6,301",62.8%,37.2%,"3,957",0.8%,7.2%,29.3%,31.5%,16.1%,11.1%,4.0%,(X),"2,344",6.8%,12.0%,29.2%,25.9%,16.3%,9.8%,(X),"3,924",47.2%,14.5%,10.7%,9.4%,18.2%,(X),"2,298",36.8%,27.5%,6.1%,12.2%,2.8%,6.2%,8.3%,(X),"15,428",2.0%,20.0%,49.3%,24.5%,3.8%,0.3%,0.0%,(X),(X),"15,031",12.0%,13.7%,12.0%,14.8%,9.4%,38.1%,(X)
177,78759,"23,061",94.3%,5.7%,(X),(X),"23,061",43.3%,7.2%,1.6%,5.3%,9.8%,13.5%,19.2%,0.1%,0.0%,"23,061",2.6%,0.8%,5.8%,23.2%,33.8%,26.4%,6.5%,0.3%,0.0%,0.4%,,"23,061",2.7%,5.3%,19.1%,18.3%,12.0%,13.5%,11.8%,7.1%,10.3%,(X),"23,061",2.7%,26.0%,25.4%,24.9%,18.4%,2.6%,,"21,740",48.5%,51.5%,(X),(X),"21,740",9.8%,35.9%,22.2%,15.3%,9.0%,7.8%,"21,740",3.1%,41.5%,43.6%,11.8%,,"21,740",39.2%,2.0%,58.3%,0.1%,0.0%,0.0%,0.2%,0.0%,0.2%,,"21,740",0.4%,0.9%,0.7%,"21,740",98.3%,0.9%,0.8%,"10,542",1.0%,0.8%,1.2%,4.3%,11.2%,41.5%,38.4%,1.7%,(X),"10,542",60.0%,40.0%,"6,327",0.0%,1.9%,7.9%,18.8%,20.3%,17.6%,33.5%,(X),"4,215",0.4%,3.2%,17.3%,24.0%,17.9%,37.2%,(X),"6,319",53.7%,17.0%,9.0%,6.7%,13.7%,(X),"4,194",43.9%,23.7%,10.8%,3.0%,5.5%,1.2%,12.0%,(X),"11,054",0.2%,12.5%,54.8%,23.2%,6.4%,0.8%,2.1%,(X),(X),"10,944",14.1%,16.1%,14.5%,18.3%,10.2%,26.8%,(X)
